,text
0,"['외국 처럼 사회에 기부하면 더 좋을듯', '자식도 그럽니다.\n부모가 돈 많으면 눈치보고 잘 합니다.\n니가 벌어서들 써라.', '내  피붙이도   도는데  조카??......아니라고  보는데', '부모가  삥뜯은  돈으로  호의호식하고  크고 \n배운게 월까', '박수홍씨\n결혼해서\n애낳으면되지\n아직 안늦었구만', '그런부모  밑에서  배운게  뭐가있겠냐', '저 수홍 애미도 한패 자나~~\n\n저런 할매한테 돈주고 방송대상까지 주는 시방새 방송국\n\n미우새 같은 거지 프로그램도 이번 기회에 폐지좀 하세요~~~~~', '장정구, 김연자, 박수홍.... 죽쒀서 개준 케이스~  요즘세상을 단적으로 보여주는 일~  가족이 남보다 더 남같은 세상~  가족을 믿지 마세요~  특히 싱글들~', '윤정희가 치매걸렸는데  자식이 있는데도 형제들 난리치는것봐라', '진짜 이거 남의일이 아니다\n내재산 내가원하는곳에 기부하고죽고싶다 !!\n진짜 지지받으려면 이런거하는 정치인 나와라\n많은이들의 걱정이다 \n심지어 유자식부모에게도', '부모가 평상시에 말햇으니깐\n\n애가 저런말 햇지.!!\n\n어떤 조카가 지 혼자 생각해서\n\n삼촌 죽으면 재산 지꺼라고 말하냐\n\n평상시 부모가 말햇으니 \n\n조카 입에서 저 소리 나왓지', '내가 돈이 있어야 부모님도 챙기고..:형제들도 있는거죠\n돈 없어봐요 형제라도 ...', '엄마 아빠 티비에 다 나오고 했는데 잘 좀 해결되면 좋겠네요...', '아무리 삼촌이 가까워도 삼촌이 미혼인데..삼촌 재산은 다 내꺼야 라는 소리가 어떻게 나올 수 있지? 그건 일반적인 가족 내에서도 절대 하지 않는 말인데..그런 말을 거리낌 없이 한다는 자체가 그 집안 교육과 분위기를 말하는것이지..어떻게 자기 미혼삼촌에게 삼촌 재산은 내꺼라니...일반적인 상식 수준을 넘음.', '뭘 물려줘\n번돈 다쓰고 가면 되지', '수홍씨 지금에사 조카 비난 받는거 걱정할게 못되요\n조카들이 소식을 듣고 ""삼촌 아빠때문에 미안해요""라고\n연락이나 왔나요? 올리없죠 \n설령,\n유산을 조카에게 주더라도 수홍씨 명의의 재산을 수홍씨가 \n직접 쥐야 맞는거죠\n반드시 다돌려 받으세요\n그러고 나서 불쌍히 여기던지 나눠주던지 하세요\n순하고 유하게 살아온게 내가 보기엔 스스로 자신의\n삶을 학대한거 같네요', '조카, 좋죠.\n아무리 그래도 조카일 뿐입니다.\n미리 사회에 기부하시는걸 공표하고 사시면 정말 속 편하게 사실겁니다.\n그때는 내가알던 사람들의 진실이 보일겁니다.', '그 조카란 애 지네 부모가 사기친게 아니라 사업해서 번 돈이고 삼촌한테 돈 안받았다고 쓴 카톡 보니까 지네 부모가 어찌 가르쳤는지 딱 보이더라.  \n그 돈 자체가 지네 부모가 삼촌한테 사기친 돈인데 어디서 그따위로 말하는지. \n박수홍씨  조카들이 상처 받을까봐 걱정하던데 그런 마음 싹 접고 소송을 해서라도 한푼까지 싹 받아내서 본인 살 길 찾으세요. 솔직히 부모님도 저 정도면 적극적 참여자가 아닐 뿐 그저 만만하고 착한 아들덕에 온 집안 식구 편히 먹고 사니 한 쪽 눈 감고 아들 하나 희생시킨 방조자라고 생각되더만.....']"
1,"['종양은 경찰의 수사력에 의심을 품게 하는 거라면 \n뭐든 쓴다.', '엄마와 딸이  공모했겠지. 딸이 키우던 아이가 딸의 실수로 죽으니까 엄마가 자기가 낳은 아이를 대신 키우라 했겠지. 그럼 서로 윈윈일테니. 그러다가 키우던 애를 딸이 또 방치해서 죽이니 들통난 것이고... 병원에서 바꿔치는게 말처럼 쉬운게 아니다. 수사의 맥을 완전히 잘못 집고 있는 경찰과 검찰들...', '저 신생아사진은 원래 본인이 낳은 아이일테고 왜냐면 수술보에 쌓였으니 그날출산바로직후찍은거니 원래아기.\n그리고 커가면서 찍은 아이사진은 죽은보람이니깐 당연히 죽은아이와 눈코입 똑같지.\n왜냐면 출산담난인가 바꿨으니', '유전자  검사도  그만큼하고 나올수  없는  혈액형 인대도 말도 어불성설로 부정  하는  인간은  인간  이하 의 대우로 족쳐야  실토를  한다', '근데 바꿔치기를 한다면 뭐하러 보는 눈 많은 산부인과에서 한다는거지 어짜피 딸하고 짠거면 그냥 집에서 하면되지', 'DNA 만이 진실!! 다른건 의미없다!!!!!!!!', '기자가 바본가?\n가족이 바본가?\n누가누가 더 바본가?\n이 사진은 진짜 신생아 맞고\n발찌 풀린 사진은 바뀐 아이 맞고.\n도대체 이 신생아 사진이 무슨 경찰 주장과 배치되는데?\n사진이고 나발이고 다 치우고\n다섯번의 DNA 검사 일치. 얘기 끋.', '사진의 저 아기가 없어진 거네', '태어날 때부터 100일 된 아기처럼 통통하고 \n머리카락도 차롬하고 피부도 뽀얗고 \n배내저고리도 터질듯이 딱 맞고 \n아이 침대도 빈틈 없이 꽉 차고 그럴 수 도 있잖아요.\n아기들이 모두다 같은 건 아니잖아요.\n\n아기 팔찌를 빼거나 끊는 경우는 정말 없지만 \n아기 발이 너무 헐거워 그냥 쏙 빠질 수 있잖아요.\n\n유전자 검사상 외할머니랑 아기랑 \n친모녀처럼 나올 수도 있잖아요.\n\n혈액형 검사에서 엄마에게서는 나올 수 없는 아기지만 \n어쩌면 어쩌면 눈꼽만한 확률로 그럴 수도 있잖아요.\n\n그런데 이모든 확률이 왜 저 집구석에만 몰린걸까요?', '저 사진이 무슨 증거가 된다는건지..', '박근혜 7시간처럼 밝혀지면 큰일나기때문??', '엄마랑 딸은 닯는다! 우리조카딸은 누가보면 내딸인줄알고있다. 또 시누이가 낳은 아들은 우리신랑이랑 이발하러가니 부자지간인줄 알더라. 그러니, 동생과 손녀가 닮은건 당연한건 아닌가', '논문한편 써야겠네요..  \n외손녀가 딸같은 유전자를 가지고 태어날 확률.\n노벨상', '난 저 천인공노할 악마들  말보다\n유전자 검사를 천만배 믿는다.']"
2,"['우리나라 80,90년대만 해도\n\n웬만한 기업들에서  비일비재하게 일어났던 일이다.\n\n사장들 후처두는건 다반사였고\n\n관리자들이 생산직 여공들 건드리고 다니는것도\n다반사였지!\n\n지금 연예계.\n\n미투있기전까지 저러지 않았나?\n\n장자연사건이 오래전일이 아니다!', '한국에서 태어난건  이미 거룩한 축복이다.', '어처구니 없는 나라구나.', '후진국일 수록 여성의 인권은 낮은 현실...', '완전 무법사회네', '저기도 인간쓰레기가 넘쳐나는구나 슬프다', '남미는 뭔가 원초적인것 같음', '여자교도소는  관리도 여성이 하게 해라  그럼 이런 추악한 성관계는 사라진다', '하여튼 이 나라나 저나라나 되지 못하게 갑질 해대는 인간들이 꼭 있어.', '지도자 잘못뽑아 아작난 나라!', '저런걸 얘기하는건 아니지만 한국은 범죄자의 인권이 피해자의 인권보다 더 중요하게 보여서 바꿨으면 좋겠음', '암튼 남미는  식민지스러워요..... 마약.. 섹스...', '본능만 있는 짐승', '한국 페미들 수출해라.\n니들이 얼마나 미투 갑질 좋은나라 사는줄 절실히 느낄거다.']"
3,"['꼭 다현아빠가 잘못한거처럼 제목을 써서\n봤는데 내용은 예절캠프의 행태에 대해썼네요\n제목바꾸세요', '다현이 아빠 김봉곤 훈장은 진천에 있다 \n그런데 기레기는 김봉곤 훈장의 영향으로 \n서당이 학폭이 되었다고 주장하였다\n\n누가 보면 다현이 아빠가 그런 줄 알겠다\n하여가 기레기하고는', '기사 제목에 비열함을 느낀다!', '왜들 예절을 배우는데 \n청학동 가야 된다고 생각들 하지 ~???\n청학동 예절이 예절의 기준이냐 !!!!!!!', '김봉곤훈장은 지리산 청학동에서 옮겨\n 지금 현재 충북 진천에서 서당 운영중인걸로 압니다.\n지금 기사에 나온곳 아닌거같은데 기사에 관여된듯이 나오네요', '김봉곤씨 말고 다른 서당이 있는걸 이제야 알았네...\n망할 돈이 뭔지...', '다현아빠란 소린 왜 집어 넣었지? 기자야', '기자는 왜  다현이 이름을 들먹이는지...\n김봉곤 훈장이 사고 난 곳이 아닌데 왜 뭐라 하는지요  너무 그라지 맙시다', '김봉곤 훈장이 얘들 학대했나요???\n왜 김봉곤훈장님을\n거론하는건지?????????', '토착왜구 언론 기사 제목 쓰는 꼬라지 봐라.\n제목만 보면 ""다현아빠"" 예절캠프가 학폭을 저지른 서당인 줄 알겠다.', '야 이 기레기야 \n니가왜 기레기란 소리 듣는줄알아\n유명인 내세워서 마치 유명인이 그런거 처럼 조회수 높이려고\n끼워넣은거 다알고있다\n\n니가 진정 기자라면 양심을 걸고 기사를 써라\n\n이러니 쓰레기만도 못한 기레기야소리듣는거야 이 기레기야', '깜놀!\n김봉곤 훈장이 운영하는 서당이 그런줄....\n하여튼 기자란 \n할 말이 없네요.', '서당이 문제가 생기는건\n아이들 버려놓는 서당이 되어서 그렇다.\n\n부모에게 외면당한 아이들이 유배되는곳..\n\n서당은 돈받아 좋고 \n사이 안좋거나 이혼한 부모들은 아이들 신경 안써 좋고\n\n방치된 아이들은 점점 타락해가고..\n\n예절교육시켜주는 줄 알고 순진한 아이들은 폭력에 당하는거고.', '뭐가 괜찮네 하면 \n다음날 부터 우후죽순식으로 생겨나고\n그로인해 가지가지 안좋은 행태들이 나타나고\n\n서당만 그런것이 아니고\n개신교/ 사이비종교/ 기타 종교들도 \n지극하게 상업화로 변질되어서\n종교로서의 의미는 이미 상실되어 있다\n우매한 사람들이 진짜 신이 살아있다고 믿고\n재산바치고 집압살림은 개판오분전이고\n밥통에서는 구더기 나올것 처럼 더럽게 생활하면서\n교회에서만 장로고 집사고, 선한척하는데\n교회밖에 나오면 전혀 다른사람이 되는 신도들\n그 모습이 참~ 웃긴다\n신앙이라는 것 \n이제는 신을 팔아 \n온갖 거짓으로 점철되어 있으니....']"
4,"['종양 기레기', '기레기땜에 죄없는 순박한 아줌씨 죄인 아닌 죄인되겠네...   이렇고싶니? 불쌍한 노인네한테', '중앙답다.', '너무한다 중앙일보 니네\n너무 치졸하지 않니?\n이런 수준의 기사까지 써야  먹고 사는거?\n참나 ㅠ', '유족 보상금과 성금을 전액 기부했다는 것도 \n놀라운 일이지만\n부사관 상사인데도 \n금액이 2억도 안된다는게 더욱 더 놀랍다.\n세월호,5,18과 비교하면\n나라를 지키다 죽은 목숨 값은 너무나 씨구려다\n이건 나라도 아니다!', '종양일보', '대통령과 영부인 더블민주당 혐오한다는\n한명 한명의 목소리는 소중하게 기사화 시키는\n언론들 작태 ....어딘지 안 봐도 비디오인데\n친일세력에 빌붙어 살아온 많은 정재계 .역사가\n그들에게 장학금 받은 학계 학자 방송인이\n한둘이여야지 ㅠㅠㅠ', '역시 제목만 봐도 딱이네\n조중동 기레기들!', '기사수준 저급하다..\n이런 기사속에서도 김정숙여사님께서는 아주 따뜻한 면모가 빛나는것같다.. 대통령도 영부인도 사람이 참 좋으시다', '이명박이가 저지른 일을\n왜 엉뚱한 데 화풀이래?', '제목만 보고도 알았잖아. 중앙일보. ㅋㅋㅋㅋㅋㅋㅋㅋㅋㅋㅋㅋㅋㅋㅋㅋㅋㅋㅋㅋㅋ']"
5,"['도의적인 책임이 따르는거지 기사가 대놓고 저러는곤 좀아닌거같내요', '오죽힘들엇으면하는 ...마음이드네', '택배기사분들 힘들고 짜증나는건알지만 이건 잘못된거같습니다.그러면 택배일관두면 되는거지 5층에산다고해서 죄지은건아니잖아요 공짜로일하십니까?돈받잖아요.정신차리세요 택배기사님', '지가 5층맨날왔다갔다해봐야 마음을 알지 딱봐도 부탁으로보이지않니', '심정은 이해가 가는데 대놓고 문자하는것도 좀..', '주문한 사람도 이해가 가고\n택배기사도 이해가 간다.\n어쩔수 없는 일', '일 골라할거면 때려치워\n같은 논리면 1층에 사는 사람한텐 1층 살아줘서 감사하다고 문자 보내냐?\n5층 걸어서 배달한다고 죽겠다고 문자질은 협박이지 부탁이냐?\n쉴드칠걸 쳐라', '오죽 힘드셨으면 보내셨을까..라는 생각도 해봄', ""고객도 힘드니 돈주고 택배시키는건데 ㅋㅋㅋㅋㅋ워딩봐봐 정중하게 말야 ' 무거운건 한번에 시켜주시길 정중히 부탁드리겠습니다 ' 도 아니고 '죽으란것밖에 안대는데!' 라면서 고객 원망하는 말투 ㅋㅋㅋㅋㅋ 택배일은 자기가 선택해놓고 자기 힘든걸 고객탓하는 기사라니.....곧 짤릴듯"", '누가보면 공짜로 인하는줄 ㅋㅋ', '한번에 주문해도 다같이오지 않는걸', '참 택배기사 마음도 이해가고 소비자 마음도 이해가고.... \n택배기사님 이왕이면 좀 덜 강경하게 문자 주셨으면 소비자도 한 번 더 신경쓸텐데.\n엘베없는 4층 거주라 참 마음이 그렇네요.', '택배비를 올리면 됩니다. 2500원이 아니라 최소4000원으로 편의점 택배 가서 생각해서\n가고 오는 노동력을 더해 요금인상을 하면 .,', '저는 중식당 자영업자 입니다.\n음식 주문건이 평균 하루 90콜 정도되는데\n저희 동네는 엘베없는5층 저층 아파트가 많답니다.\n기사3명있는데  무거운 음식든 배달 가방들고\n수없이 배달가고 다 드시면 다시가서 찾아오고\n수없이 반복합니다\n택배기사님도 나름 고충이 있으시겠지만\n저런식의 문자는 이해가 가질않네요\n안힘든일이 어딧습니까..\n정 그렇게 힘드시면  앉아서 하는일을 찾아보세요', '택배해봐서 기사의 심정도 이해는 충분.\n엘리베이터 없는 주택 \n가볍던 무겁던\n물론 무거운 물건 더 힘들지만..\n\n한, 두 집이 아니라 정말 힘들긴 해요.\n\n방법도 없고...', '5층 엘베없는건 택배기사 이해가 감 ㅋㅋㅋ', '엘베없는 5층 구식건물일때는\n일반 계단보다 높낮이도 더높은거같음\n진짜 생수6병묶음 두팩 들고올라가면 숨이 턱턱막히긴하더라']"
6,"['술쳐먹고 노답인게 얼마나 많았는데 그걸 광고하고 있었으니 이게 옳은거지', '술광고는 길거리에서 안하는 게 맞지', '원래 옥외광고물 불법 안닌가요?\n보행하는데 걸리적 거리고......\n주류광고물 아니라 어느 광고물이던지.....\n당연한거 아닌가???', '어휴 ㅡㅡ 할짓거리가 그렇게 없냐', '술광고는 주류 회사만 배불리는데 소상공인 허고. 무슨 관련', '우리나라만큼 술에 관대한 나라가  없음.\n그로인해  사건사고도 많이 발생하는 중이고..\n연예인 이용한 술광고는 제재하는게 맞아요!', '슐로 사고치는놈을 조져야지\n광고가 있던없던 술은 계속 먹을건데', '청소년이 좋아하는 연예인들이\n청소년 시기 음주 게임이 얼마나 유해할 줄 알텐데\n버젓이 광고로 돈을 벌고\n그러면서 \n기부한다 청소년 위한다\n정말 가식적이고 \n\n연예인 이용한 유해환경물질에 대한 마케팅을 금지해야 한다', '쓰잘데기 없는 짓거리들 하고 자빠젔네', '등신대 저거 가게 밖에 내 놓으면 불법 옥외 광고물로 알고 있는데요. 구청에 신고하면 되지만 신고하고 등신대 세우는 가게 못봤네요.']"
7,"['선장은 바람 탓 하지만, 결론은 왜놈 조선소가 잘못 만든 탓!', '일본하고 대만은 형제국처럼 지내는 사이좋은 나라다 혐한풍조는 두나라 똑같으니 참 잘 되었다\n둘이 반반씩 물어내라', '좋아하면 안되는데 난 왜이리 좋노 \n일본회사에 파멸을', '우리 나라 남북 철도 이어지면 수에즈 운하 수입 줄어들겠네.  미안하지만 우리 부산항 수입이 늘어나 우리나라 부유국된다.', '중국 조선소에 이어 일본 조선산업도 망테크 ㅎㅎㅎ', '민폐종결국 일본', '세계적인 민폐국 \n\n일본 중국']"
8,"['전당포 사나이들인가?..\n그집 갔으면 백만원도 못받았음...\n""우리도 언제 팔릴지 모르고 위험 부담이 크다면서....""', '아... 어머니가 남긴 소중한 유산이라면서 팔아버리는구나.\n돈앞엔 참....', '정말 마법같은 이야기네요..', '당시 가난에 허덕이던 싱글맘 해리포터 작가.. 이렇게 대박날줄은 본인도 몰랐을텐데 ㅎㅎ 정말 명작', '97년에 산 1500원 주식이 2021년 1억으로 껑충 뛸줄은 누가 알았겠누', '일단 경매에 나와봐야지 지금은 걍 예상가', '교훈~~~\n책을 읽자~~', '해리포터 초판 불과 500부만 인쇄했었구나', '어느 나라 사람이든 버리지 않고 모아두면 돈이 되는것은 마찬가지네.', '외국기사 베껴쓰고,포털은 메인에 올려주고,\n\n오세훈,박형준,박덕흠 부동산 투기했으니 사퇴하라는 기사를 써야 정상아닐까']"
9,"['능력자만 받는다는 남편의 내조! 장교님 대한의 안전을 잘 부탁드립니다', '대단하다..', '상 줄게 ㅇㅏ니라\n장교 보직 구조 개선이 필요한듯\n거의 일년에 한전 이사라..', '외조의 달인 짝짝짝!!', '군대문화를 바꿔라 이것들아', '애처가시네', '거의 1-2년 한번씩 이사다니던데..\n애들도 솔직히 좀 안쓰럽긴 하더라.\n학교에 좀 적응한다싶으면 이사하고..\n또 이사하고..', '국가와 국민을 위해 헌신한 여러 국군장병 여러분과 많은 어려움에도 그 군인들의 버팀목이 되어주신 수많은 군인가족 분들께도 감사한마음을 가지도록 하겠습니다', '국방의 의무를 다하고 있는 여성을 위해 헌신하신\n남편 분께 감사드립니다.\n\n덕분에 발뻗고 편하게 잘 수 있습니다. 고맙습니다.', '장교들 인간적으로 너무 돌아 다녀 가족들도 샹각해서 웬만하면 비슷한지역만 해줘요', '군인이랑 결혼하신분들보면 대단하더라...', '상금 100만원 아니라  500만원 이상이면  좋게다', '저는 군인 아빠따라 이사 34번 했는데 ..', '우리 국군 및 군인가족들\n선지국 수준의 존경 받아야 합니다.....\n감사합니다\n\n짝 짝 짝', '세금은 이런분들  보상해 드리라고 내는겁니다']"
10,"['사람들 공포 조장해서 나라랑 국민들한테 어떻게는 해를 입려는 기더기놈', '이런 뉴스는 어떻게 잘 찾아 내서 싣는지 참. 최초의 사례란다. 어쩌라고 맞지 말라고? 벌써 다 맞았다. 별 이상 없이.', '화자도 부작용 많다던데\nAz도 맞으면 안되고 모거나 얀센도 안되고\n뭐 하자는 거야?\n백신 맞지 말자고 국민들 겁주는 거야?', '감기약 먹고도 저런 부작용 나와 \n개소리 그만 떠들어 기래기야', '기자는 백신 주지마라', '미국에서 의료계에서 일하기에 벌써 작년 12월에 모더나 맞고 여태까지 잘만 살고 있다. 내가 일하는 주 에 통계를 보면 나처럼 일찍 모더나 맞은 사람들 아무도 이상반응 없었다.', '독감주사도 부작용 있다\n\n어떤 주사가 부작용 없이 100% 안전한지 알려주세요', '이지윤 기자 백신접종 하지마세요~', '약국가서\n아무 약이나 사고\n거기 설명서에 부작용 찾아서 읽어봐\n기자는 아무약도 먹으면 안되', '언론은 사회의 악', '무슨 백신이던 부작용은. 있고 하물며 치료약들도 부작용이 있는데... 부작용때문에 기자는 항암치료 안할거??? 이 코로나는 내가 걸리면 얼마나 아플지 모른다.. 운좋음 무증상일수도 가볍게 지나갈수도 있지만 반대로 아주 안좋은 상황까지 갈수도 있다. 불확실하니까 무서운 거다..\n백신이 그것보다 확률적으로 안전하니 맞는거다..', '백신 부작용에 대해 쓰면 왜 그게 정치적 논리로 해석이 되는지.. 당장 몸에 들어갈 성분이 뭔지 확인도 안하고 의사가 나보다 공부 잘했으니 맞으라면 그냥 맞는건가 자기 상식 따윈 없는건가 백신 첨가물이랍시고 넣는게 저런걸 일으키는게 그냥 당연하다고 생각하고 맞는건가 정말 대단한 믿음이군']"
11,"['자연은 침묵하고 있지만 인간의 탐욕 에\n침묵하지 않는다.\n그대로 인간에게 다시 돌아갈것 이다.\n자연과 인간은 하나이다.\n자연이 멸망하면 인간도 멸망한다.', '한국놈들아 멀리 볼 것도 없어\n느네 사는 한국 모든 유원지 호수 강 계곡 그리고 당신이 살고 있는 주택가 한 발치 걷다보면  담배꽁초로부터 시작해서 바람에 날리는 비닐조각들 한켠에 쌓아둔 검정비닐 음식쓰레기 . 그것두 옆구리 터져 내장나온 그런 것들을 쉽게 볼수 있을거야.   청소부만이 치우는 정도로는 감당못하게 버리는 한국수준을 멀리 보는  가증스런 눈으로 거울을 봐라. 그게 너의 모습이고 한국넘이라는 것을.', '인간이 죽어야지 해결됨', '저지경이되도록........\n인간이 지구를 죽여가고 있구나~', 'ㅠㅠ 너무  심하다ㆍ지금부터라도 플라스틱  없애자요', '재앙을 스스로 만드는 인간', '아무도 돕지마시길....\n\n스스로 자각을 하여야된다봄..', '과학자님들  핵만들지말고 플라스틱 비닐  처리기술좀 만들어주세요~', '쓰레기 매립지같다 조만간 인간으로인해 지구가 사라지지싶다', '다죽어라 제발 인간은바이러스다 죽는게지구에득이된다', '내 나이 50...딱 우리 세대까지만 만수를 누리지 싶다...후손들은 자연과 환경오염으로 재앙을 피할수 없을듯 싶구나...이제는 늦었다ㅜㅜ', '지구 종말이 다가오네요.']"
12,"['그래도 니들은 잘 벌어봤잖아. 영원한건 없다.', '그래도 임대료는 안내리더라  상인들만 죽을맛이지 건물주들은 해외로 여행다니더라', '코로나때문에 노량진 노점이 망해가는건 팩트인데 그게 정부탓은 아니잔아? 노브레인것들이 그냥 헐뜯기만 하는데 그럼 택배 배달업 성행은 잘되는데 그것도 정부탓이냐??', '영원할것만  같았던 노량진도  코로나 앞에선 장사 없구나 고시원 엄청 비쌌는데 이제 들어갈 사람도 없겠군', '변화되는 세상에 누구를 원망하랴', '다른덴 몰겟는데 컵밥집 같은 노점은 좀 망해야 된다.점포 얻어 정식으로 세금 내는 가게들 이용해야지 노점은 팔아주면 안됨', '그럼 코로나시기에 컵밥먹으러 가야하겠냐?\n어지간이 해라...기렉아...니가 먹으렴...', '예전에 긁어모았을텐데 그걸로 조그만 기다리세요', '노량진은 거품이 심햇음\n꺼질시기가 온거지..', '노량진 사는 사람인데 저 정도는 아닙니다 작년말보다 훨씬 유동인구도 많아지고 학생들도 늘었어요 오전 시간에는 컵밥 먹는 사람 없어여 오후 지나면 컵밥집 문 다 여는데 .. 글구 저 건물은 코로나 여파 이전에 이미 저렇게  아무 가게도 안 들어와있는 건물이었는데 무슨 소리인지', '코로나나 세태 변화 탓 하지 마라\n노랑진, 신림9동 고시촌, 신촌 대학가\n다 자업자득\n\n다른 곳보다 얼마나 편하게 장사했나\n모여든 고시생 공시생 대딩한테\n\n치열하게 전 계층 상대로 \n경쟁하고 변화하며 생존한 자영업은\n최소한 이 시기에도 버텨낸다', '세상은 변화한다\n양지가 음지되고\n음지가 양지된다', '코로나가 많은 걸 바꾸고 있네요.', '변화에 대처하는 자가 승리하는 법~~^^\n누구 추억거리  둘려고 노량진 가서 공부하냐', '세상이 바뀌어가고 있구나.....']"
13,"['아~저렇게 약자들 눈에 피눈물 나게 하는 인간들을 위한 지옥은 꾝 있으면 좋겠다~.', '가해자의 재산이\n피해자 보상에 쓰여지는건\n진짜 좋은 법률이네요', '그래도 죄값을 받고 죽었지만 한국엔 김학의를 비롯해 아직도 감옥도 안가고 살고 있는 자들이 많지요', ""창수야 나 기자 맞냐? '''금융인 제프리 엡스타인의 피해자가 자신의 아들이 보는 앞에서''  보통 무슨 사건의 피해자라고 쓰는거야... 도둑놈의 피해자라고 쓰는게 아니라 도둑질의 피해자 라고 쓰는거야. 요즘 기자들은 시험 안보냐?"", '우리도 가해자 재산을 피해자에게 배상해 주는 법을 만들어야 한다.', '김학의 피해자가 생각 나네\n\n김학의 별장 사건이 처벌 받지 않은 건\n\n대한민국이 검새 무법 공화국임을 증명한 거다', '이런놈을 감옥에 집어넣은 미국의\n사법부를 존경한다.\n우리도 막강한 힘을 가진 자라도\n잘못을 저지르면\n감옥에  넣길 바란다', '트럼프 찍었던 미국사람들이나....박형준 오세훈 지지하는 서울 부산시민 들이나.....', '참 지저분하게 살다가 감옥에서 죽었는데, 죽어서도 남긴  쓰레기를 치울려면 아직 멀었네', '우리나라 검사 였으면 기소유예']"
14,"['진보는 조금만 못해도 난리고 보수는 많이 못해야 난리다 아무리 이 정권이 문제가 있어도 보수정권보다는 훨씬 잘하고 있다 벌써 망각의 기억에 들어섰는가? 언론이 우리 눈을 속이고 역사를 제 마음대로 만들고 있다', '표창원 의원. 이시대의 양심. 의로운 정치인', '버거워서 물러났으면 닥치고 계시라 아직도 싸우고 있는 정치인과 국민들에거 부끄럽지도 않은가??', '털자고 달려드면 공정시비잣대를 비켜갈자가 몇이나 될런지...', '난 여당편이 아니라  표창원 편~~', '팩트체크 문재인정부가 돈을 많이 쓴다? 왜 기레기들이라 하는가? 문재인정부 재난지원금등으로 국가부채 2020년까지 3년동안 7.5프로 증가했다 지금 깜빵에서 세금축내고 있는 것들까지 2016년도 까지 문재인정부 이전 20년동안 나라빚이 자그만치 340프로나 이미 올라갔다 1년평균이 14프로 나라빚증가률이다 뭐로 설명할래? 이 미친것들아 대선때마다 수천억씩 뿌려대는둥 나라걸덜내고 국가부도내어서 국민전체를 거지만든것들이 그때에도 쌍으로 깜빵가고도 정신못차리고 차때기등으로 지들배댓지만 불리고 북풍ㆍ총풍 별짓을다하더니 어떻게 변한것이 없냐', '표창원씨가 말 할 자격이  있는지?', '여당 야당을\n\n떠나서\n\n국찜이 더 부정부패 \n\n하다는 사실은\n\n변하지않는 진리', '정치하는것들 모조리 더럽다~', '한때 당신을 참 좋아했었고 맘속으로나마 응원했었는데 어느순간 혼자 백로인척 떠나더이다\n진정 올바른 생각을 갖고있다면 진흙탕속에서 싸우면서 국민들을 위해 일해야하는거 아닐까요\n결국 도피한사람은 평가할 자격도 없는법\n말로만 하는 정치는 누구든 할사람 많습니다', '대한민국 건국이래로\n이런 정치인은 수없이 많았다\n자기만 백로 인거 처럼 생각하는 자들', '표창원씨!! 도대체 조국 교수의 무슨 점이 문제가 된다는 거요?  한가지라도 좀 구체적으로 말해 봅시다. 기레기들의 악의적인 오보에는 한마디도 못하면서 고작 이런식의 인터뷰나 하니 참 안타깝소. 이렇게 살걸 뭐하러 정치에는 나왔소. 그냥 경찰대 교수로 살지', '그래도 국짐보다는낫다', '창원이형 최고', '국짐한테는 언제나 대고 말할건데?\n비겁한자!\n왜 민주당만 더더 채찍질 당해야 하는데?\n기가?막히는 발언!\n당신만 지식인이라 생각마라\n국민도 당신만큼 아니 당신 보다 더 판단력 있다!', '아 난 이렇게 뒤통수 차는 인간들이 제일 싫어. 본인만 깨끗하고 옳은척..', '그래서 방송국 3사 돌면서 돈을 갈퀴로 긁고  계시나요.', '당신말은 맞을지 몰라도\n당신의 행동은 틀렸어요\n그래서 문재인 대통령이\n그걸 몰라서 계속 남인계신게\n아닙니다 다른 의원들도요\n그래도 누군가는 계속 싸워야\n하니까요 완벽할순 없지만\n그래도 싸워야 되는거에요\n민주주의는 그래서 힘든거에요\n당신은 그냥 혼자 편하려고\n도망친 것 뿐입니다\n포장하지 마시길', '여애 모두 이런분의 말에 귀담고  스스로 반성도 하면서 옮바른 정치가 이루어졌으면 합니다']"
15,"['정당한 민원도  그닥 소비자편이  아니던데  저런사람들은  어찌저렇게잘하지?', '아무튼 한국은 목소리 큰 사람이 이긴다는 무지의 소치가 불문율처럼 만연해있다. 에휴..', '남의 눈에 눈물 쏟게 만들면 그 곱절로  당하게 될지어다.', '경찰 부르면 되지 뭘 어르고 달래고 있어 ㅡㅡ', '진상을 받아주니 진상들이 계속 늘어나지', '항의하면 돈주고 안 하면 생깐다는...\n뭐 그런 기사네', '약관도 모르냐 뭔 말도 안되는..상품권을 왜 줘? 이해불가.', '정말 금감원이 무슨 프리패스인줄 아는 인면수심 인간들이 참 많다. 본인이 가입하고 약관에 다 나와있는데 안읽은 걸 자랑처럼 떠벌리는 인간들. 부끄러운줄 알아야지', '울어야 젖주는거구만🤔', '따진다고 사비로 500을 줘??\n\n저게 가짜기사이거나 \n고객이 환매하라고 했지만 증권사직원이 더 가져가라고 우겼거나..\n두가지 경우중 하나일듯..', '악성민원도 있지만 금융사 문제도 많다... 음주운전자가 신호위반해서 내 차를 들이받아 그쪽 귀책 100%로 차 수리했는데, 다음번 보험갱신하려니  내 차량 가치가 떨어졌다면서 자차를 안들어주려 하더라. 떨어진 가치로 라도 자차 들게 해달라니까 무조건 안되다 하다가 민원넣으니까 심사해서 받아주는거라면서 자차 들어주더라..', '떼쓰면 다 해주고...떼 쓸줄 모르는 사람 억울해서 살겠나\n정신 똑바로 차리고  안되는건 안되는걸로 해야지 왜 갑자기 되게하냐', '이걸 왜 해줌? 경찰을 불러야지', '오.. 말 안하면 아무것도 안해주는가보네?']"
16,"['억압적인 분위기에서 성범죄는 은밀하게 진행될 가능성이 높다는 걸 보여주네요.', '영국이나 일본이나 섬나라 미개인 들이네', '서양이라고 별로 다르지 않다. 남자들 있는데는 다 똑같음. 다만 법적 처벌이 달라. 판사도 남자라 똑같다는 소리 듣기싫으면 법 좀 쎄게 때려라. 어디서 보니 우리나라 성폭력 법이 일본기준에 입각해서 만들어져서 이모양이라던데 맞는건진 모르겠네. 아는 사람이 댓글 좀 달아주라.', '영국 욕 적당히 하고 우리나 잘합시다.\n우리나라 리벤지 포르노부터 걱정합시다', '왜 정치인과 재벌들이 성범죄 저지르고도 뻔뻔한지\n\n그 출발점이 바로 10대때 성범죄구만,\n\n이미 1`0대때부터 권력과 돈을 가지면\n\n성도 가질수 있다는 개념이 박혀버렸어.', '유럽에 대한 환상을 버려라.......\n우리나라가 최고의 나라다!!!', '피해자의 행실이야 어떻든 어떻게 행동해도 피해를 받지 않을 권리는 누구에게나 존재합니다. 성폭행 문제를 성별이슈로 몰고가는것이야 말로 제일 바보같은 행동입니다. 얼마전 서당사건을 통해서도 남성도 충분히 피해자가 될 수 있음을 다들 인지하셨을 겁니다. 성폭행은 범죄이고 범죄는 규탄받아야합니다', '영국이 신사의 나라라지만, 그것은 말뿐이란걸 이미 알고 있었다.', '영국인들 실체는 야만스럽기로 유명하죠..\n\n일본, 중국이 역사 왜곡하는것처럼  영국인들도 신사이미지를 억지로 만들어 전파했습니다.\n\n우리 국민들이 경각심을 갖고 역사에 관심을 갖는게 어떨까요? ^^', '섬나라는 다 똑같구나. 일본이랑 다를게 없네? 일상생활에서의 강간문화', '외국은 성에 대해 개방적인게 아니라\n성에 대한 개념이 없는것 같음.\n\n답글 작성', '인도여?영국이여? 이건 뭐 다 강간의 왕국인건가', 'ㅋㅋㅋㅋ 제발 성욕좀 아 진짜 그놈의 성욕 자제를 못하냐']"
17,"['언론개혁이 시급하다', '코인했겠지. 적게는 두세배\n많게는 50배도 벌었으니 주식하고는 차원이다름', '뭔가 한탕주의 기사네', '기자와 유투버가 동명이인인가?\n아님 동일인물인가?\n\n기사를 막 쓰네\n\n채널 구독자 늘려 돈벌고 싶은가보네', '대한민국 언론 기레기의 현주소를 보여주는 아주 좋은  기사.', '그리 잘하는데 20억벌고 끝? 한 십년후엔 500억 벌었다고 나오겠네. 유튜브는 왜하는지? 조용히 돈이나 더벌지?', '한정수 기자가 본인 한정수를 인터뷰해? 아 진짜 ! 다음의 쓰레기 낚시질에는 한계가 없구나. 뻔뻔한 것은 인정!', '운이 좋았네 정말로 ㅋ', '한정수씨를 한정수 기자가 인터뷰했다니.  세상에  이런 우연이...쓰잘데기 없는 기사로 한탕주의 부추기지 마라.', '이런 어이없는 기사들때문에 지금 2030들의 인식이 왜곡되는거요. 기자양반 반성해야해. 진짜.\n하락을 두려워 말라고? 그게 기사에서 나올 말이요? 결과론적으로 성공한 사람말고 반대인 기사도 써보시지? \n돈이 최고고 나만 이기면 된다는 저급하고 저질의 경제사상을 주입시키는게 언론의 역할인가?', '솔직히  기사 내용도 제대로 안봤지만 그렇게 잘나가면 유튜브도 하지말고  조용히  잘살아라', '설령 모은 사람은  입닥한다', '그대로 계속 투자하면 언젠간 다 말아먹는다에 한표... 카지노처럼 땃을때 털고 나오고 다시는 안가면 모를까.. 계속 가다보면 언젠간 말아먹는다.. 1년에 수십배를 불리는게 과연 투자일까 도박일까. 계속 해보면 알게된다.', '기사쓰는 거하고는 바로 위에 주식투자 실패 용광로 자살 30대 기사가 있습니다.']"
18,"['호적보다 어린×  호적보다 적은○', '아흔이 넘으셨는데 뭐어때 건강하시기만 하면되지.\n건강하세요 할머니', '일단 구십넘겨 장수하시는것 존경스럽다 온갖 사고 질환 다피하고 살아남으신거니 대단한거지. 오히려 젊은사람보다 건강하실것 만성질환도없으시단거니까', '건강하세요^^', '진주 할매 만수무강 하세요~~', '저 나이에 주민등록번호가 중요하실까 건강하시면 됐지뭐', '우리 할머니보다 어리시당.\n우리 할머니 빠른 22연생.. 코로나만 아니면 시골에서 100세잔치 하려했는데.. ㅠㅠ', '할머니 건강하세요♡', '우리 할머니는 102세까지 사시고 작년에 소천하셨음', '일단 시나이가 96세 인데도 건강하신것도 다행이심 \n70대후반만 되도 여기저기 아프신분도 많은데\n할머니 건강하게 지내세요~~홧팅~~!!', '오래오래 건강사세요', '할머니 건강하세요~♡', '오래오래  건강하게사세요', '할머니 꼭 건강하게 오래 사세요^^', '할머니 아프지말고 사시는동안 행복하세요.', '5년후에는 101살 이겠네 장수하시길']"
19,"['공뭔 절대 편하고, 칼퇴근 하는 직업 아닌 거 알아야 합니다. \n79급 하급직 까짓것 1년이면 붙겠지 하고 달려들었다가 몇 년을 날리는 사람들 허다합니다. \n그나마 합격한 사람들은 만족할까요? 대면 민원처리 중 쏟아지는 전화민원, 온라인 민원, 일 안하려는 나이 많은 6,7급, 동물사체처리, 지역사회단체 응대, 폭우나 폭설 및 산불에 철야 또는 비상대기 및 조기출근. 그러고 돌아오는 건  국민연금보다 개인 기여금 몇 배나 많이 내도 세금 도둑이라는 국민욕받이. 일 똑바로 안하는 공뭔들 있는 건 사실이지만 추천할만한 직업은 아님.', '9급 8 급은 건들지 말자 갸들은 뭐 굴려보고 싶어도 굴릴 거 자체가 없어요 사생활 침해만 될 뿐ㅎ 입직하면 새로 온 걔는 집이 몇 평이라더라 돈은 얼마 모았다더라 그럴 게 뻔한데ㅎ 이게 무슨 효과가 있을까 나중엔 아예 속옷 색깔까지 신고하라고 그러지 그르냐 공직기강 확립 차원에서', '이제까지 좋았지~철통밥그룻', '제발 좀 사직 해 다오\n공무원 못해서 이밤도 날 세우고 노력하는자\n엄청많다 배부르고 등따신 소리 그만해라', '나이스 중소기업 느껴보자', '10명 중 3명이면 여전히 선호되는 좋은 직업이긴하네', '그래 제발 그만좀 둬라. 대신 열심히 일할 젊은 사람들이 줄서서 기다리고 있으니. 환영한다.', '어서와~ 사기업은 처음이지? ㅋㅋ', '잘못한 건 공무원 아닌 공기업인 LH 직원인데, 소급 적용 처벌도 안하고 그렇다고 이미 그들에게 대박을 안겨준 신도시는 취소 안하네요. 더구나 상관도 없었던 공무원만 국민의 적으로 몰아 물타기 하려는데 정말 화가 납니다. 아니, 좋다구요. 투기와 상관도 없는 엄한 부서, 말단 직급까지 다 등록하면서 왜 국회의원, 도의원, 시의원은 빠지는건가요?', '사실 맞지.  지들이 잘못해놓고 갑자기 뭔 아랫사람 후들겨빼서 재물로 바칠려고...쯧쯧', '검찰 투입해서 수사 금방 끝냈으면 되는 걸,\n\n한 달 넘게 수사하더니...\n\n기본적으로 업무 관련자들만 체크하면 될 것을...\n\n모든 공무원에 적용한다고?\n\n이 정부는 개 잡는데 소 잡는 칼을 쓰네.', '그만둬라. 니네들 아니어도 하겠다는 사람들 많으니까 배부른 소리들 하고있네', '어떤놈들이 감히 공무원님께서 이직하신다는데 말린단 말인가!\n\n어서 이직 하시게 놔두거라!!', 'ㅋㅋㅋㅋ\n건국이래 최고에 기분좋은 말이네\n공무원들 제발 그래라!!\n사법 행정 입법  이번기회에 물갈이 하자\n그래야 뿔어터진 짜장면 안나온다']"
20,"['하루삼천에서 사천명이 적다고... 중앙일보 미쳤냐...', '마스크는 좀쓰고다녀 ....백신맞는다고  안걸리는건  아니잖뉘', '니는\n거가\n살어', '기레기님 자 우리 초등학교 제대로 졸업하여 산수공부를 한 사람이라면\n영국인구 6200만명정도\n한국인구 5100만명정도\n\n막 백신접종 성공하여 항체 가지고 방역의 성공을 이루고 있다고 기레기님이 칭찬하시는 영국은 \n전국민6200만명 중 하루 확진자 3~4000명이죱?\n\n대한민국은 5100만명 중에 최근 하루 확진자 3~500명..인데 큰일이라고 바싹긴장하고 있죠?\n\n자, 초등학교를 정문으로 제대로 나온 기자님이라면 지금 어디가 방역이 더 잘 되고 있지요?\n이거 못 맞춘다면 기자님 초등학교 뒷문으로 나온거죠?', '1일 3, 4천명이라...\n\n중앙기레기는 이 정도 산수가 안되나?\n대한민국은 하루 몇명?', '백신 접종하고도 영국은 하루 3000, 4000명 확진되는데.... 겨우 300, 400명 확진하는 울 나라는 뭐가 그리 잘못하고 있다고 국힘당은 난리인가...', '대한민국 국민이 자랑스럽습니다. 기자빼고', '갸네 AZ 백신 맞았잖아. 화이자 안 맞고..  니들이 생난리쳐서 어르신들 안 맞는 거 어떡할 거냐?', '백신을 맞으면 보다 안전한 사회로 갈 수 있는데,\n\n그 동안 언론들이 취한 행태를 보면 과연 공공의 안전를 위해 기사를 쓰는지 의심하지 않을 수가 없음.', '하루에 3000-4000이면 잘하는거야?? 우리나라는 난리가 날텐데', '반전?\n코로나 걸릴대로 걸리고,\n죽을사람 죽고 난 이후가 그리 좋드냐\n그리 좋으면 배양흐 바이러스 주사맞고\n미리 걸리지 그랬냐', '하지만 아직도 하루 4천명씩 확진 나온다는 거']"
21,"['완전 미쳤네', '우리나라 군대를 출동시켜서 점령하자', '한국인이였음 니들 다 죽었다', '이제는 유앤이 나서야 합니다', '전두환이놈아  양심이  있긴하냐', '미얀마의 민주주의를 지지합니다', '전쟁이다. 자국민 보호를 위해 파병해야한다', '기자님은 기사 타이틀 잘 쓰시고 \n독자들은 기사좀 제대로 읽읍시다. \n한국인은 아니잖아요\n사람 목숨은 자국민이 아니어도 동등하지만..', '다국적군은 이럴때 좀 투입했으면..', '미얀마 군부 철저히 응징해라', '미안먀의 군인들은 짐승보다 못한 악마들이네.\n미얀마 민주주의 만세!', '이러니 위험 요소 제거하러 대한민국의 군부대가  투입되어야 한다하지.', '미얀마 군바리들의 만행은 끝이. 없구나', '국민들을 다 죽여가며 군부는 뭘 얻고자 하는걸까']"
22,"['정신병자 아냐?  \n인간이 아니구만', '인간이 제일 악한 생물인듯', '저런 짓 하는 놈이 인간이냐. 정말 인간이하네... 동물학대로 꼭 처벌하라', '짐승만도 못한 사람들이 왜 저리 많은지..왜 저러고 사나요?', '자기보다 약한 존재를 존중할줄 알아야지 왜저럴까요.......... 더불어 모든 펫샵이 없어졌음 좋겠어요', '제발이 아이들구조해주세요\n자자손손복받으실꺼예요', '가지가지한다 진짜, 뿌린대로 거둔다는데\n얼마나 큰 죄를 지은건지 제발 깨닫기라도하자\n법은 법답게 개정 좀 하고', '이런말도안되는처참한모습의 개들을 보지않게되는날이오게되길ᆢ무슨천벌을받으려구 인간이 ᆢ', '맘이 아프다\n인간도 똑같이 처벌 받아야 마땅하는데..\n벌금 1억 걸어놔야 저지르지 않은 동물보호법 만들자!!', '뿌린대로 거둔다는 말이 있다 부메랑이 되서 돌아온다', '말못하는 동물들이 무슨죄!\n사람이 죄다', '벌레보다 못한 개농장 주인넘을\n깜방 개줄에 묶어 놓기를', '생명을 함부로 대하면 안됩니다. 생명입니다. 제발 동물법 강화해주세요제발', '사람답게 살자', '생명에 대한 귀함을 전혀 못느끼는 존재들.  이래놓고 내가 살아야 하니 어쩔 수 없다 하지 말아라. 내 생명 귀하면 다른 모든 생명이 다귀한 것 모르냐?', '한쪽에선 계속 구조하고 중성화시켜서 개체수 줄이려하는데 한쪽에선 계속 번식해서 잡아 먹고 이게 뭐하는 짓인지... 인간답게 삽시다 제발!', '진짜못된것들이네.그불쌍한강아지들이진짜사람들이기심때문에꼭강력히처벌해주세요']"
23,"['대한민국은 부정부패 없이는 부자가 될 수 없다  \n이말이 진리다', '국민의짐 의원이 왠일이랴... 그러다 내부 폭발날텐데.. \n여자 모 의원이 어마무시하게 딸 해먹었던데.. 스트레이트 보니..', '저 미성년자들\n부모 이름 밝히고,,, 조사해봐라...', '참으로 대단하다. 가지가지 했네. 했어.\n이러고서 나라가 망하지 않았다는 것이 기적일뿐이다. \n칼자루를 쥐니까 눈에 보이는게 없었구나.\n국민들 눈, 귀, 입막아놓고 지맘대로 해먹었구나. \n불과 수년사이에 이런일이...이게 대한민국이 맞는거냐고.', '걍 한국 망했으면ㅎㅎ^^', '대한민국에 부자가 많다 생각했고 어떻게 해야 저런 부자가 될 만큼 돈을벌까 궁금했는데 반이상은 부정하고 부패한 방법으로 돈을 벌었구나 싶고 착실하게 살면 바보되는구나 절실히 느꼈다.. 이 분노를 어떻게 삭혀야 할까..', '미성년자는 토주 주택거래 아예 안되는 걸로 법을 바꾸던지', '나라 꼬   라지하곤\n돈 놓고 돈 먹기도 아니고 땅  놓고 부플려먹기 \n전국  대회네 ㅠ', '난 저 부모들이야 말로 진짜 기득권 세력들이라고 본다.. 그 기득권 세력들이 어느 정당을 지지할까.. 부동산 투기하면서도 부끄러움이 없는 자들이 과연 문재인 정부를 지지할까..', '저런 부정부패를 저지르면 5~10배 환수법 만들어 처벌해야 한다.\n대부분의 권력자들이 저럴진데 과연 일반국민들은 어떤 생각을 할까?', '생후 84개월 아기는 뭐냐 84일도 아니고..  정상적으로 증여했다면 문제없겠지만 과연 세금을 제대로 냈을까?', '월급타면 우직하게 적금내고 계산기 두들겨 가면서 살아봤자, 결국 돈이 돈을 버는세상이구나. 난 내 분수에 맞게 살아야겠다고 생각하지만, 이런 이야기 들으면 자괴감 든다', '법을 바꿔서라도 이런 돈 모두 환수하고  쳐넣어야 한다.우선 세무조사부터 해봐라.']"
24,"['힘들어도 버티다 보면 이겨내지더라...\n지금 당장에 죽을거 같고 그래도 어떻게든 이겨내지더라...\n그러니까 악착같이 살자\n살다보면 좋은날도 오고 좋은 사람도 오더라\n그러니 죽지말고 살아보자...', '귀한생명 살리셨네요 감사합니다.\n아직 부모님들 같은 분들이 계셔서\n살아갈수있지 않을까 싶습니다.', '살다보면 웃는 날 옵니다. 부디 나쁜 선택 말고 살아줬으면..... 언젠가 세상 살만하단 생각이 드는 날이 오기를.', '국회의원 및 정치인들은 청년들이 희망을 품게끔  정책을 내놔라.  맨날  뉴스에서 서로 못잡아 먹고 사리사욕 챙기고 정말 보는 것만으로  힘빠진다. 괴롭다.내자식들도 더힘들것같다.', '훌륭하십니다.', '장하신 일 해내셨 습니다   복 받으실겁니다', '힘냈으면 좋겠습니다. 도움 주신 분들도 감사하네요\n20대들 자리 잡아야할 시기에 정말 힘들게 보내고 있는데 꼭 지나가고 웃는 날만 가득했으면..', '살면 살아집니다  힘내세요', '저 여성분이 겪은 고통의 시간의 깊이를 감히 이해할수\n없어요  더 아프지않고 살기만을 바랄 뿐입니다.\n굳이 힘이 나지 않을땐 힘내지 않아도 돼요\n이 힘든 시국에 모두들 잘 견뎌보아요!', '인간은 아무래도 진화를 잘못한거같아\n왜 평생을 108번뇌에 시달리며 살아야할까', '힘내세요.  걍 살면 살아집니다.', '옛날에는 이런 기사보면 죽으려고 하는 사람들이 되게 이해가 안됐고 나약하다고만 생각했는데 요즘은 나도 곧 저럴 것 같아서 이해도 되면서 눈물난다.\n술먹고 펑펑 울었다니...나도 어제 펑펑 울다가 잤는데.\n가족들은 아무도 모르지만 ..휴 어쩌다 이렇게 되어버렸는지..', '좀 만 버텨보자 젊은이', '가슴 찡...', '힘내서  그냥살다보면  좋은날   올꺼에요', '어떻게든 살아보렴\n왜이렇게 힘들게 했는지,,\n눈물나고 미안하다.', '나도 살기싫다...']"
25,"['뭔 이런 악마가 다 있냐?\n사형시켜라.  인간도 안다', '판사가 살인방조', '이런것들은. 중형에. 참해야해요.\n제발 엄중한 처벌부탁해요.', '가해자는 평생  세상과 단절 시켜야 한다~', '미치겠다  법이  왜 이런지', '창원 이정현 판사님\n고매하신 판사님께서 5 년뒤  꼭 저놈과  만나보세요\n반성했다고 5 년으로 자비를 베푸셨으니\n인간이  변했는지 확인해 보세요~', '반성문? 무슨반성. 감방간다고 하니까 반성문 쓰는거지. 초범이 저렇게 잔인하게 했는데 선처는 무슨. 왜 피해자는 1도 용서하지 않는데 판사가 맘대로 용서하냐구요.', '제발 만우절 기사라고 해줘 \n\n초범이면 한 사람의 인생을 망가뜨려도 된다는 거야?', '죄질이 굉장히 나쁘고만 자백하구 반성문 내고 초범이라고 남에 인생을 말아 먹은 넘을 솜방망이 처벌하는 저 판사는 당최 재정신 인건가', '법관놈들 그놈의 초범 참 좋아해.', '와 CV\n요새 왜이리 사이코들이 많은거냐?\n친부모가 애를 죽이지를않나 안만나준다고 일가족을 몰살시키질않나 지가 낳은애 한여름에 굶겨죽이질않나..세상이 미쳐돌아가네...\n도대체 어디서부터 잘못된거지?', '이건 살인보다 더 큰 범죄다.\n형량이 너무 낮다.\n무기징역 기대합니다.', '정말 \n미친 xx인데 \n5년이라니 \n이게 말이나 됩니까\n짐승한테도 못할짓을 친구라는 개 ××가 저질렀다...\n법원은 있으나 마나', '저게 5년 이라고\n50년을 해야 하는거 아냐']"
26,"['얼마나취했으면 ...손가락잘린줄도 모르지?아프지도않았나?아파서술이 확 깰것같은데..한심하다  술이랑손가락을바꿔서 장애인돼고', '술은 모든일을 망치게하는 주범이다 적당히!!!!', '아무리 만취했어도 손가락이 절단됬는데 그걸 모른다고? 집은 어떻게 찾아갔냐', '레전드네 ㅋㅋㅋ', '이제 다신 그렇게 술마시지마요..', '기가차서 말이 안나온다....도대체 얼마나 퍼마셨으면 손가락이 잘린지도 모르고 40분을 걸었단 말이냐. 그나마 나머지 사지 멀쩡한거에 감사하며 다시는 술 마시지 마세여', '얼마나 술이취했으면 자기손가락이잘려나가도 모를까', '절단 되면 바로 신호 오는거 아님?\n\n술에 취했다지만 \n\n어떻게 40 분 후에야 그 신호를 받음?\n\n희한하네...', '참 한심하고 어이없어서  집에서 술  처드세요', '고통을 느끼지 못할 정도의 ""마취""상태였네.', '속상하네요\n그놈의 술이 \n어유 \n몸조리 잘하시고\n쾌유를 기원합니다 \n경찰관님들\n고생하셨습니다 \n애쓰셨습니다 \n감사드립니다', '적당히 마시지 얼마나 마셨길레 손가락 잘린줄도 모를까? 이해가 안된다.', '술이 얼마나 취하면 손가락 절단된걸모르나요..? 술먹고 자빠졌을때 무릎까진걸로도 겁나아팟엇는데..', '미쳤나벼 감각이 없나...']"
27,"['우리나라에서 진행된 소송건은 어찌 되었는가?\n소리 소문 없이 사라진겨?', '봤냐? 한명이 이리 무서운거다', '맨앞에 나라 입력한하니. 기자야.', '🇻🇳  관심없다~~~~\n🇲🇲  미얀마 국민들 화이팅 하세여~~ 응원합니다!!!', '껌찰총장하나가 대한민국을 쑥대밭으로  만드는구나', '한국에서도 베트남 것들 셋이 격리수칙 어기고 나갔다가 걸려서 발칵 뒤집혔었지.\n진심 국민성 개똥이네.', '일본이 위험한지대여', '일본에서 옮아온거네', '베트콩   안물 안궁', '강남 모녀  구상권 소송 건  궁굼 하군요   ?', '빤스 교주 전광훈 무죄\n새누리 교주 이만희 무죄\n\n베트남이 괜찮은 나라군\n미래가 있어', '항공사 승무원씩이나 되는 자가 자가격리를 왜 하는지 모르는 모양이네.', '이걸우리가  왜 알아야 되는데?  \n기사는 써야 겠고\n어휴.  진상들']"
28,"['인간의 존엄성 과 생명의 귀중함을 모르는 인간이 무슨  서울 시장 하겠다고', '""존재 자체도 몰랐다"" (9일)\n""현장에 안 갔다"" (26일)\n""그게 중요한게 아니다.""(28일)\n""내 마음에 없었다"" (29일)\n""의식에 없었다"" (어제)\n""그게 그렇게 큰죄냐""(오늘)', '그래도 오세훈이 투표하는 인간들은\n시장되면 재개발 재건축 밀어붙이면서 용산과 똑같이 때려죽이겠다는 건데 당해봐야 정신들을 차릴런가', '10년 전 상태에 멈춰있는\n\n오생태\n\n세상 어떻게 변한 줄 모르고', '서울 개 돼지들이 뽑아줄거다\n\n이명박도 뽑고 박그네도 뽑은 개돼지들은\n\n수십억 땅에도 수십억 아파트와 건물에도 하나도 분노하지 않거던', '""용산만?\n내곡동 땅 셀프보상 여당만 주장하면 그럴수도 있겠다! 왜 정치판이라\n\n찾으면 언론뉴스 증거가 넘 많은데! 왜 숨기려는 것일까?\n\n거기다\n2010지방선거-서울시가 국토부에 요청한 공문을…서울시장직인까지 있는 서울시 공문까지 있는데\n\n10년전 법정소송에 언론사 고소고발까지한 자가…기억 탓?을 한다\n\n재판내용 결과 기래기한테 찾어볼수 없다? 왜지?\n\n""오세훈처의 부동산50억 특혜""문건폭로,""서울시개입 안했다는 완전거짓""공문포함\n\n출처-t.ly/0X94\n\n""오세훈 처가땅 그린벨트해제 제안 SH공사가했다""\n\n출처-t.ly/Tigb', '드디어...... 오세훈의 본색이 밝혀졌다..... 지지율 좀 오른다고.....  국민 죽여 놓고....  돌아가신 분들 대놓고 너희 잘못이다 하고 하니...... 인간이 아닌 짐승임이 드러난 것이다. //// 솔찍 민주당의 오만함도 싫지만...... 오세훈은 이명박 + 전두환의 후신이다. 용서가 안된다.', '지금 미얀마사태도 그렇게 바라 볼꺼냐?\n진짜 재들은 안바뀐다니깐...', '서울시민분들 정신차립시다. 저쪽 지지율이 더 높댑니다. 저쪽이 어떤당인지 벌써 다 까먹었습니까?\n주변인들 독려해 사전선거 꼭 데려갑시다.', '저걸 굳이 지 입으로 저렇게 말하면 뭐가 좋은거지? 못된놈이 멍청하기까지 하네.', '머리만 있으면 뭐하냐, 마음이 따뜻해야지,,, 저런게 시장되려고하니,참,,,,,,,,,,,,,,,,,,,,,,,,', '아무리 보기 좋게 포장을 한들...본질은 바뀌지 않는 법.\n스스로 몰락의 길로 가는구나...']"
29,"['산발적 비리자. 감옥이 가까워 보입니다. 가족 전부요.', '박형준 어처구니 없는건 당신이다\n자신 집도 없이 산다는분의 자산이 100억이 넘는다며???\n다른 말로 물타기하지말고\n검증이나 제대로하자', '선택적 기억자~~ㅋㅋ\n엘시티나 사찰은 기억이 안나나\n다른건 기억이 잘나는 특이한 놈 ㅋ', '민주당 헛발질은 잘못한 거지만 그런다고 당신의 비리가 사라지는 게 아니에요... 사찰을 승인한 게 없어지는 것도 아니고 엘시티 의혹이 풀리는 것도 아니고....\n\nMB 나쁜 점만 고대로 배운 오세훈 박형준.... 시장 후보로 나오는 뻔뻔함은 배울만 하네요.', '메인걸리는게 죄다 저것들 변명', '참 부끄럽다. 너같은 놈이 제1야당의 후보라니. 어찌 두 놈 다 그러냐', 'MB도 박형준 한테 한수 접어야 할판\n그동안 MB 아바타라고 놀렸던 것 사과한다.\n부동산 업계의 일대종사라 불려도 손색없는분\n그래도 불법을 한만큼 죄값을 치러야지', '이사람은 시장이된다해도 다시재보궐선거 치를것같다~~', '오세훈이 어떻다고요? 박형준이 어떻다고요?\n쌔빨간 거짓말 입니다. 여러분.\n그들은 그러한 쌂을 살아오지 않았습니다.\n그건 마 ~ 제가 정직하게 보증합니다.\n등록금 마련하느라 허리가 휘었다... 임차평균 24만원이다... 측량장소에 내가 있었다는 게 본질이 아니다...\n나는 서울에 집이 없다... 우리 아이도 집이 없다... 조국은 청년층에게 박탈감을 줬다...\n국짐당의 비리는 당연한 욕망이고 그 수준에 미치지 못하는 민주당의 비리는 위선이라는 이중잣대로 보궐과 대선 국짐당 압승 밀어주씨면 마 언론+검찰+싸법부+사학+국짐 가즈~아.', '앤 mb보다 더 복잡해,,,,,,,', '정권심판에 MB수하??\n형준아 미안한데\n박양은 뭘했지!!?명박이는??\n심판??전두환때부터 있어온 비리가\n이제 터진거뿐이야 LH비리는 그때부터 있다가\n이제 드러난거야\n\n네 양딸은 어떤 소득으로 20대에\n그 집을 샀지!?증빙해', '이런놈 입에서 정의 라는 단어가 나오고\n뻔뻔하다 명바기처럼', '이렇게 문제가 많은 후보를 본적이 없다\n국힘당은 그렇게 인물이 없나?\n참mb스럽네...', '뻔뻔하기가.. 인간인지싶다..', '이건 우연히 기억이 나나봐 ? ㅋㅋㅋㅋ', '지나가던 30대 여성은 뉴스를 안봤나보네.\n부산지역에 특혜 안 누린게 도대체 어디냐\n드러난 것만\n앨시티 두 채 특혜\n조형물 납품 특혜\n해운대 금싸라기땅 특혜\n등기 등록 안한 건물\n자녀 입학 청탁\n특혜 아닌 걸 찾는게 빠를 듯...']"
30,"['중앙일보는 언론을 병들게하는 바이러스다', '어떡하든지 현정권을 까내리고,불안감을 조성할려고 하는 중앙이 싫다.  그럴 시간 있으면  독도검정교과서 승인 통과시킨 일본 까는 기사나 내라  이 망할놈의  요미우리 서울지사 신문아~~', '중앙은 역시나 🐕 죠. ^^', '중앙 기레기야............... 인도가 인국가 몇억이냐??.......... 지금 세계 3위 감염국이다!\n\n그나라에서 생산된 백신이.... 국경을 넘어서 나올수 있다고 생각하니???..... 정말 중앙일보엔 멍청이들만 있나보네??', '망해라 망해라 고사를 지내는 구만. 불쌍하다!!!', '6월초에 백신 쏟아진다\n노바백스 한댤에 천만개 만들고\n결국 스케줄대로 간다', '중국 텐센트 돈 천억 받아 쳐먹고\n설중화 같은  북한남파 간첩이 한국 민주주의 해줬다는\n북조선의 형제 중국표 드라마나 만드는 jtbc의 본산 빨갱이 중앙일보\n\n돈 천억에 넘어가 중국몽의 실현에 앞장서서 \n한국 민주주의 훼손하고 중국 공산당 찬양하는 드라마나 만드는 중앙일보\n\n중앙일보 사주의 아버지는 이승만때 4.19 의거로 부정선거 항의하는\n어린 항생들의 가슴에 총을 쏘라고 발포 명령했던 바로 그 인간\n\n토착왜구 짓으로 돈 벌더니\n이젠 중국 공산당 편들어 동북공정에 협조하는\n짐승만도 못한 매국노들이 모인 중앙일보는 반드시 몰아내자', '80여 년\n왜구잡종\n강점용\n안보, 지역, 이념, 의혹팔이와\n사이비와 토왜 주장과 소원대로라면\n\n1억 번\n경제 폭망했고\n전쟁 낫고\n빨갱이 나라 됐고\n온 국민이 역병 걸려 죽어야 했다\n쓰레기들.....']"
31,"['그럼 만들지를 마', '이 정도로 몸에 해로우면 제조/판매/유통금지 시켜야지...', '먹어란 말인냐 \n먹지 말란 거냐.\n\n특히 아이들이\n좋아하는건데.\n\n그리 심각하다면\n판매하면 안되지\n\n기레기들 기사보다\n식품회사를 믿는다...', '독일 사람들도 오래 살던데말야...뭐냐...', '미국,호주사람은 전멸했겠네????', '작작해라', '식당하는소상공인입니다 반찬으로햄반찬줄줄이햄볶을때는 뜨거운물에 살짝담가놨다가헹궈서봌아요그럼괞찮아요  근데삶아낸물을보면 정말손님들주기싫어요', '미국이랑 독일 사람은 다 죽은겨??', '독일을비롯해 유럽각국은 어째??다죽었게??똥기자야~~!!!!', '국민학교 때 울 엄마는 나 죽으라고 비엔나 소세지 볶아서 케찹 뿌려서 도시락 싸준건가', '가공육을 좀 건강한 재료로 만들면 안되나...']"
32,"['입만 열면 구라네\n진짜 토착왜구네\n\n이러면서 감성팔이에  선전선동이니\n이래서 좌파들이 문제야', '애쓴다', '데일리안 = 국민의힘 ㅋㅋㅋ', '추미애 도움연설하면 오세훈 더 좋아질낀데...', '박영선은 도쿄아파트 이야기만 나오면 이먕박정부때 남편이 탄압받아서 \n일본으로 갔다고 했는데 그때부터 참으로 어이없는 거짓말이라고 느꼈었다', '남탓은 이 정당의 정훈인가\n그냥 무조건 전정권탓', '기르에기 양반..\n전직 대통령도 죽음으로 모는 정권이었는데..이명박때문에 옮겼다고 말하면 저 사람이 잘 살 수 있었을까?\n좀 생각을 하고 기사를 씁시다!!', '자택은 도쿄.. 신랑은 미국인...애들도 미국인... 지지 호소 세력은  조선족....\n\n이 아주머니  뭐지....', '탄압으로 여론몰이를 하는거 보니 급하기는 했나보다.', '박영선이는 선거법 위반으로 고발되어야 하는거 아니야?\n한국에서 일을 못해서 일본으로 간게 아니라\n한국에서 일할수 있는 해외로펌에 들어가려고 동경지사를 선택했고\n임대료 지원되는데도 불구하고 동경에 집사고\n활동은 한국에서 하면서 일본집 유지해서 일본에 세금 잘 냈다는 거잖아\n이게 친일파고 토착왜구지 \n일본을 극도로 싫어하면 비행기 시간 조금 더 걸려고 홍콩을 택했을건데\n굳이 일본 동경을 택한 이유가 뭘까?\n회사에서 주는 임대료로 살면될걸 일본이 싫다면서\n굳이 일본에 집을 사서 일본 정부에 꼬박꼬박 세금을 낸 이유가 뭘까?\n답은 위선자', '기레기... 진짜 문제다... 국민이 사실을 다 아는데... 쉴드 그만쳐라.. \n언론개혁되면 없어질 찌라지다...', '토착왜구를 딴데서 찾지말라.  더불당 박후보와 그의 남편이 바로 악질 토착왜구다', '탄압때문이었으면 정치시작하셨을때라도 일본집 팔지 그러쎴어요', '박영선 남편 이 mb대문에 일본 간다구 해면 \n기레기내놈들 이 제대로 기사 쓰겠냐 ??', '탄압?ㅋㅋㅋ\n요즘세상에  탄압이 가능하고\n탄압받고 가만있을 넘들이냐,,ㅋㅋ', '좌파들의 거짓말', '박영선의 남편인 이원조는 대한민국에서 활동하는 미국 변호사로, 2019년 청문회를 앞두고 43억 원의 재산을 신고했다. 종합소득세 2천400여만원을 인사청문요청안 제출 하루 전인 2019년 3월 12일 납부해 논란이 됐다.\n얍삽한 대한 미국 니뽕인.', '언제는 실거주 목적이라더니......임대했다며?   그리고 구로 주민인척하더니 연희동주민이시고......다음에 서울 시장떨어지면 서대문서 나와라 구로와서 깝죽대지말고....', '데일리안이 진짜 언론답다  우짜든지 사실확인해야지  오세훈 박형준은  확인할필요없구 네거티브로 돌리면되는거구  맞지?']"
33,"['아 정말 잔인하다.왜 세상은 이래야 하는는지', '대한민국도 안전지대가 무너지기 전에 국민들이 생각을 넓혀야 합니다\n\n내 자녀는 아니겠지 내 남편은 아니겠지 내 아내는 아니겠지 하는 생각을 다시 한번 점검해서 다음세대 에게 건강한 나라를 물려 줍시다', '지구 곳곳에서 \n\n인종차별을 비롯 ,\n\n""인간성말살 시대"" 가 \n\n시작되고 있다 \n\nㅠ\nㅠ\nㅠ', '인간의 탈을 쓴 악마들이 넘 많다ㅡ.', '불법 ㅋㅋ 오지 말라고 ㅋ', '아무것도 모르는 저 어린것들을 저렇게 높은곳에서 ㅠㅠ 눈물나네 진짜 돈만생각하는 버러지들은 다 사라졌으면', '인간이 아니구나.', '투표를 잘 해야 이런 일을 막을 수 있습니다.   돈 있고 명예있는 자들보다 정직한 사람들이 필요합니다.', '미국이란 나라 있어 그나마 다행입니다.', '브로커들은 완전 인간 쓰레기들이구만', '전세계인간들은 돈에 눈이 멀어서 살아가고있다\n욕심이 많은 인간', '어휴... 저 어린것들이 무슨 잘못이라고 저렇게 집어던지냐.. ㅠㅠ 줄로 매달아서 내려주기라도 하지...', '이걸보고투표를잘해야한다..정신바짝.나라가무너지는건한순간', '인간은 간사하고 나약하고 이기적인 동물..\n삶은 고통..태어나지 않는게 가장 큰 행복..', '인간이 제일 잔인하다']"
34,"['종업원한테충분한보상해야할듯!', '이게 뭐라고 감동스럽냐 엉엉', '큰 복받을겁니다.', '아 씨 기레기들아, 제목에 나라 이름 좀 쓰라고.\n그게 그렇게 어려워?\n뭐 기레기 니들이게는 세계는 하나 뭐 그런 거냐?\n글쓰기 기본, 육하원칙도 안 배웠냐?\n이 근본 없고 무식한 것들아.', '저도 아기때 사탕먹다 걸려서 숨넘어가는걸 옆집아주머니가 뒤집어서 등두드리니 사탕튀어나오고 살았다더라구요 여튼 저분의 기지로 아이가 살수있었네요ㅠㅠ', '몸이 작은 애들은 저렇게 땅을 보게 하고들어서 등을 두드리면 됩니다', '저 직원분 배운 분.', '오새훈이 광고좀 안보이게 해주라 쫌!!!', '어떤 직업이든 위기상황에 대처할수 있는 메뉴얼과 비상상황을 염두해 두고 훈련과 교육을 충분히 시킬 필요가 있음', '진짜  생명의 은인이네', '저 부모는 얼마나 하늘이 노랗게 보였을까~ 참 다행이네~', '세상에 얼마나 놀라셨을까요. 고기처럼 부드러운건 진짜 안나오더라구요.  울 둘때도 족발 먹다 목에 걸렸는데 하임리히를 아무리해도 안나와서 정말 죽는 줄 알았어요.  한참후에 나오긴했지만 생각보다 진짜 오랜시간 안나오더라구요.  그래도 나왔으니 얼마나 다행인가요.', '심폐소생술이나 이런 응급처치법은\n학교에서부터 가르쳐야한다고 봄\n아이가 무사해서 다행입니다~', '하인리히법을  배워야  합니다  ㅠㅠ', '식당직원한테는 고맙다는 말도 안하냐?', '아가 천천히  꼭꼭 씹어 먹어라  큰일날뻔 했잖니']"
35,"['경찰이 압수한걸ㅋㅋㅋㅋ언론은 검찰이 수사해서압수한건지 알겠네', '검찰자산운용... 검찰투자자문회사 차려라 ㅋㅋ 검찰펀드 .. 수익률 최고네', '음란영상이면 피해자가 있을텐데 피해자에게 줘야하는거 아냐?', '‼️몹쓸인간 ~~ 빽바지생태오세후니 ~!!', '골고루 웃기고있네ㅋㅋㅋ', '검찰이\n봐주기 수사로 국고.손실 입힌것이 헐신 많다\n법조 기레기들 빨아주다고 이빨 남아 있나', '이런 기사가 바로 메인에 뜨는 알고리즘 원리가\n대체 뭘까????', '분할매도로 수익율까지 챙겼으면 국민연금보다 훨씬 잘 운용한듯.....\n차라리 그분이 국민연금 운용하면 안될까????', '네이버  다음  망할것 같아요 ㅠ', '베리 나이스.']"
36,"['소주는 건들지말자', '세금이 올랐으니\n다 오르겄지~~~~~', '대기업만 먹고사는 세상~~', '본인들이 더 많이 올리면서ㅋㅋ', '응원합니다 지금 같은 시국에 가격을 인상하는 물품은 전품목 자영 업자들이 뭉쳐서 구매 판매 를 중지 해야합니다. 우리 민족은 어려울때 더 똘똘 뭉치는 민족이지 어려울때 득을 취하던 민족이 아닙니다.\n자영업자들이여 똘똘 뭉칩시다.', '100원올리면 술집에서는 1000원 올리는데,,,,', '말도안되는 여론조사에 속은 대기업ㅋㅋ', '카스보다는 테라가....맛과 상쾌함이 좋아...', '카스공장 헐고 아파트짓자']"
37,"['애기들한테도 벌써부터\n좌익 물들이하는겨\n대단한  더블어 만져 터진당이구먼\n몹쓸 인간들~', '명백한 선거법위반이다. 위반을 밥먹듯이 하는 민주당. 이건은 강력한 선거법위반 처벌을 하여야한다', '민주당이것들은 선거법위반 \n밥먹드시해대는구나', '일본 아줌마는 도쿄 시장 선거 나가지 왜 서울 시장으로 나오지?', '미성년자가 선거운동을 하다니...\n법대로 처리해야 마땅하다.', '댁들이 하는건 실수이고 남들이 하는건 적폐이지요.', '어찌고2학년을선거유세??', '선거법 위반으로 끝아닌가?ㅋㅋ', '영선이가 최악이다', '서툴다 서툴어~~', '각보대로 했는가보다.고등학생까지 끌어들이고..자알들 한다..', '참으로  기가 막히네요.  아무리 시궁창같은 정치바닥이지만 아직 가치관이 정립되지않은 고등학생을 이용해 선동정치를 하다니..... 당신네들은 거짓 선전, 선동이 주특기지만 이건 아니지 싶네요... 역시 많은 국민들이 왜 그대들을 버렸는지 알겠네요.', '집권당이 법을 우습게 여기는것은 어제 오늘  일이 아니지만 이런당이 재집권을 외친다니 국민들을 언제까지 우롱 할건가 기가차다', '발악을 하는구나...\n정말 추하다!!', '이것들은 툭하면 불법이야\n더듬당에서 위법당으로 바꿔라\n아무리급해도 그렇치 미성년자를. . \n니네는 완전 끝이야\n대한민국에서추방', '왜 메인인데 댓글이 없누~ 민주당 댓글팀들 회의하나?', '정말 했구나. 나는 문빠입니다 라고 입이 닳도록 떠들어 대다가,이제는 유니폼에서 문빠도 빼고 민주당이라는 당명도 빼고, 미성년자를 선거에 동원하고 갈수록 악수만 두는 너희들의 정체성은 무엇이라니?', '재난지원금, 지하철 요금 할인 가지고도 안되니 미성년자 그것도 고교 2학년을 꼬드겨 선거 연설원으로 ....발악을 하는구나 ? 성폭력당 민주당 ! 이번 선거는 왜 하는 거냐?']"
38,"['신상공개해라제발좀 ...걍말하는것도질린다', '손목아지 발목아지 다잘라버리고싶다 ㅠ 자식잃은 부모심정은 얼마나 화나고 슬프고 억울할까 ..,진짜 이런건법이제발강화되서 사형에처해주세요 어린아기들은 죄가없어요 ..에휴  아기들이계속 죽으니 자식가진부모로써 참 가슴이아파요....', '저 인간 가슴에 코끼리 다리를 올려줘라~~~!!', '아이들은 죽어나가는데 판사들은 처벌이 가볍고\n저들은 또 범죄를지르겟지\n얼마나더 희생해야되는가', '저런인간은옛날형벌처럼능지처참이답이다!!어찌어린애기를~~나쁜사람', '아기들은 정말 멀쩡해보여도 정말 조심해야해요.순두부처럼 약하고 여리여리한 몸이라서 ... 행동하나하나에 신경써줘야해요. 교사 자격증 박탈해라!', '전국민이 저원장눕혀놓고 한번씩 밟을수있는 기회를 줘라', '미쳤다 진짜\n왜들 그러는 거야 대체\n어린이집에서 죽은 애가 벌써 몇이야\n엄벌에 처해주세요', '아가들 가지고 저런사람들 뇌를 한번 파보고싶다\n무슨생각을 가지고있는지', '남의 귀한집 자식을 ㅠ', '이런인간이원장이야얼굴공개하고\n어린이집문닫아라', '대한민국 판사가  얘들죽이는거다\n니들이 엄하게 처벌만해도 저런일은 생기지않는다\n강력한엄벌해밧자 사람죽여도 꼴랑 5년처벌하는\n거지같은 판사들아\n니들이 죽이는거야', '어이구가슴무너진다\n여린아이재우려고\n발로눌렀구나\n진상조사철저히하여\n엄하게다스리세요', '저런것도 인간이라고ㆍㆍㆍ\n갈기갈기 ㅉ ㅈ 버리고 싶다']"
39,"['백신 가지고 정치화하지 맙시다. 저분들 누구보다 고생하시는거 다 아시잖아요.', '지긋지긋하게 물고 늘어지네', '제발...다음아..샤벽부처 조즁동 보게하지 마라!!!\n네이버보다 더 하네...\n네아버로 이사가야겠규먼...', '이분 건들지마라!!¡!!!!!', '대통령, 질병본부장이 먼저 맞았으면  새치기했다는 멍멍소리했을 기레기?가 무슨 소리고??? 지금 확산세가 정부가 잘못해서 그런기가????? 직장내 감염 그럴수있다고 치자. 유흥주점 에서 감염된 건 우째 설명할래?? 까는건 좋다만  무조건 까지는 마라. 퉷', '국짐들아!\n넘지 말아야 할 선이 있다..\n시작부터 끝까지 네가티브로 망하길 바라는 니들이 네가티브 어쩌고 할 일이냐? ㅉㅉ', '조중동은 역시 쓰레기 언론 인증', '이런 쓰레기신문. 중아밀보 다니는 것들은 백신 놔주지마라. 다  코로나걸려 뒤져야 한다~', '이게 신문 인가?', '고사를 지내라 고사를\n나라 망하라고 난리를 치네\n나라 망하면 너네는 괞찮냐?', '왜 이렇게 방역에 태클을 걸지?\n도대체 적폐세력은 인간인가, 버러지인가?', '내가 그 이유를 말해 줄게.\n국짐당과 조중동은 계속 Az맞으면 죽을 수 있다는 식으로 허위사실을 퍼뜨렸고, 극우  태극기부대 유튜버들은 유튜브방송으로 1만명 가까이 태극노인들 모아놓고 Az백신 맞지 말아야 한다고 의기투합하고 있었지.\n\n국짐당을 지지하는 태극기부대 대부분은 대구 경북이야. 우리가 선거에서 국짐당 찍는건 전광훈 찍는거나 다름없는거지.\n\n난 차라리 더 잘됐다고 생각해. 어차피 경상도만 선택적으로 화이자 놔주진 않아.  그렇게 접종거부 그냥하시고 국짐장 시장 만나 광화문집회들 열심히 하길 바래. \n\n정부는 Az만 놔라!', '국짐당과 조중동의 불안감 조성이\n보수 태극기 꼰대들의 감성을\n자극해서 바보로 만들어 놨지..', '세계최악의  언론사 대한민국  ...', '찌라시 애쓴다\n문통이  왜 먼저 맞냐고 무슨 특혜라도 누리는양  어거지를 쓰더니 이제는 늦게 맞았다고 난리.\n억지를 부려도 분수가 있어라', '접종율 역주행..... 별 희한한 단어와 분석이 다 있네. 79 —⟩ 76 역주행... 그럼 65프로 쯤으로 떨어지면 방역실패? 반대로 다음 주에 80프로 나오면 정주행으로 대성공이라고 할 건가?  바보인 듯']"
40,"['이제는 넌덜머리가 난다.\n대한민국의 악의 축 조중동 당장 폐간시켜라.', '아직 시작도 안되었는데 불안조성하는  중앙 어떻게 국민에게 희망을 주고 대안을 미리생각하는  언론은 힘든거냐?  언론이 비판은 하겟지만 우파정권일때는 명박 근혜의 폐단은 해외에서 시민단체에서 먼저제시해도 대변하고 호도해서 좋아졌는냐... 좋은 언론은 못대도 나쁜언론은 국민에겐 적보다 더 무서운 폐단을 이룬다...', '제목봐라 역시 종양일보 \n너희들의 농간은 언제 끝이날까?\n백신을 우리나라에서 생산한다는 기사는 어디갔나?', '엊그제만 해도 백신 후유증으로 시민들 불안하게 만들더만 이제  백신 못온다니까 또 수급못한다고 \n기사냐? 정말 지긋지긋한 적폐 기레기들. 끔찍하다.', '백신접종률 가장 높은 이스라엘 오늘 확진자 500명 나왔던데\n인구 800만이다. \n우리 천만도시 서울에서 150명 나왔다고 난리나는 나라다. \n백신 안오는게 무슨 최악이라는거냐\n오히려 백신 맞고 까불고 다니다가 확진자 더 늘어날까 그걸 걱정해야 할정도로 \n우리는 백신없이 잘 관리되고 있는 나라다', '백신 가지고 또 시작이냐 기레기야~\nAZ백신생산 국내에서 생산하는걸 모르고 똥볼 차는거냐 ㅋㅋ\n기레기야~능력없으면 딴일 알아봐 ㅋㅋ\n언론 국민들한테 극협 만들쥐 말고 ㅋㅋ']"
41,"['언론 개혁이 심각하네.', ""'다음' 은  정치검사 윤장군을 우상화하는 작업에 협조해선  않된다ㆍ 지속적으로 조중동  등 찌라시 언론들의  김정은 우상화하듯이 윤장군을 우상화하는 기사를 지속적으로 포스팅해선 않된다ㆍ다음은 역사를 왜곡하는 작업을 중단하라ㆍ"", '일단 사망사고는 안타깝지만 우리가   그분이 윤석렬씨 친구인걸 알아야하나? \n기자님 자극적인 기사로 주목받고 싶은건 알겠지만  윤석렬씨가 뭐 그리 대단하다고 그분 친구 사망기사  관심 없습니다.', '기자야 기자야 윤  친구도 기사  거리냐?\n아무리 띄워주고 싶어도 넘 과한 아부다\n자존심도 없는  쓰레기들은 되지 맙시다', '윤짜장 노출할라고 윤짜장 친구 죽은것도 기사화거리냐?\n이걸 왜 국민이 알아야하는데~~\n기레기놈아~~', '다음이 이상해 졌어요', '윤석렬친구는 죽으면 다 윤석렬친구로 기사쓸거냐?\n참 기레기들 어지간이해라..똥구녕헐겠다', '이게  기사인가?\n윤석열이  죽은것도  아닌데\n그냥  김 모씨  사망이지\n윤석열  이름을  그렇게  기사에  올리고 싶으면  윤석렬장모    윤석렬 아내     이런거  기사에  써라요', '와 진짜 할짓없네\n윤석열 친구를 알아야되나', '장모가 죽은거도아니고\n개똥이나 김아모개가 죽은게 기사거리냐?', '웃음 뿐이다.\n윤석열 친구는 특별한 사람이냐?\n멀리가도 너무 멀리간다.', '오세훈 내곡동 거짓말이나 기사좀 써봐요.\n윤석열 친구가 죽은걸 우리가 왜 알아야하지?\n이런것들이 기자인가? 이런게 기사인가?\n와~  진심으로 역겹다!']"
42,"['난리났네 난리났어...\n\n반도체 없다고 난리인데 더 심각해졌네...\n\n삼전 주가 팍팍 오르겠구나', '삼성전자 가즈아', '이거 왠지 일본 세작들이  배아파서 한것같은데 울나라 반도체 회사들 경비 강화해야겠내', '삼성전자 반사 이익이네 ㅋ', '무슨 반도체 회사가 저리 허접하냐.', '호재인가요?', '삼전가즈아~9층 구해주세요ㅋㅋ', '화재사진 좀 올리면서 글써라.', '가지가지한다 정말\n물 잘 나오고 정전없고 불 잘 안나는 나라 대한민국', '만우절인가..', '그 방화가 혹시 본토중국 프락치에 의한 것이 아닌지 살펴볼일이다.', '이쯤 되면 누가 일부러 불내는거 같다..\nㅎ 말도안되는 우연이 계속 겹치네']"
43,"['전기차타고  대견사까지 올라가면   등산안해도  꽃구경  할수있습니다', '와우', '자연보존이 잘 되있어 감사합니다', '아~~~가보고 싶다!', '좀 언론들 자제합시다', '엄청난 진달래꽃이 만발했네요. 장관입니다 너무 아름다워요.', '사람들  또   엄청몰려  가겠구만', '진달래 꽃도 아름답지만 고지도와 역사 등 글이 아주 잘 썻다는 느낌....', '절터가 아담하면서 멋스럽네요. 코로나 끝나면 한번 가보고싶군요.', '참 멋진 곳이네요. 가보고 싶네유~~', '꽃은  향기와  풍경이 있는\n또 하나의 마음속을\n울리는 감동 꽃은\n언제나 봐도 참 아름답습니다^^\n진달래꽃은 멋있는거 \n같습니다.^^', '기자분 마삼 무학산이 아니고예\n창원 천주산 입니다', '1,000m 고지 참꽃이라 제일 이쁘겠네요']"
44,"['낚시던 해루질이던 한해 잡을수 있는 1인당 마릿수 정하고 채취한거 신고해서 카운팅 하게 해야함.\n적당히 자기 먹을만큼만 잡지 무슨 장사할 수준으로 잡아대니 ㅉㅉ', 'ㅋㅋㅋ경찰이 못잡는거임\n불법도구들고 야간 해루질하다 경찰와서 나오라고하면\n도구 바다에 던지고 나오니까 불법아닌것처럼 보이지\n야간에 하기땜에 뭘로하는지 안보여\n그래서 차에서 내리고 해루질하러 들어가는것부터 찍어서 잡아넣어야됨', '이제는 해루질 허가제를 하여 구역을 정하고\n스쿠버들이 활동할 수 있는 구역도 정해야 할 것임.', '동호회가 뭐냐 작작 좀 하자.', '해루질 할려고 다이버를 하나?\n어휴 천박하기 그지없네.', '니들은 체험이지?\n해녀.해남은 직장이거든!', '바다 국민들것인데 어촌보면 자기바다인줄 알고있음', '둑도?  들이 많지요 어민들 건드리지 맙시다', '그냥 다이빙만 해 왜 잡고 난리여?', '지금 우리나라 바다는 다 어촌계꺼임.. 이거부터 바뀌어야 함...', '희룡이는 대선준비하느라\n신경도 안써요 \n주민들 생업따위는 아웃오브안중', '바다에서 레저 한다는 동호회(바다 오염 주범 씨말기 잘함), 자전거 동호히(찻길 다 막음, 치고 가라는 마인드), 스포츠카 동호회(시끄럽게 도로 무법천지), 오토바이 동호회(똥폼 오지게 잡고 찻길 다 막음), 축구동호회(술판 벌이고 고기 파티, 쓰레기는 니들이 치워라), 등산 동호회(불륜과 쓰레기 천지 산림 훼손) 등 동호회 도움이 안된다.', '농민에겐 땅이 터전이고 어부에겐 바다가 터전이다.', '댓글보니 잘 모르는 사람 많네\n정리해줄게\n1.허용된 도구를 사용하여 허용된 수산물을 잡는 것은 불법이 아님\n2.판매를 위해선 맨손어업 신고를 해야 함-이게 도내300여명\n3.야간에, 불법 도구를 쓰거나, 뿔소라, 해삼, 전복같은 채취금지 수산물을 잡아서 문제임\n4.스킨스쿠버는 스킨다이빙+스쿠버다이빙을 합친 말인데, 스킨 다이빙으로 잡는것은 불법이 아님. \n스쿠버 장비를 착용하고 잡는것은 불법. 수중해루질은 스킨다이빙의 일종임.', '다이버가 하는건 해루질이 아니다. \n다이버가 하는건 머구리가 하는것 처럼 생업을 위협하는거지 불법 채취로 본다.\n머리질은 얕은 바다에서 맨손으로 조개 줍고 하는것이지 저건 무조건 불법으로 처리해야 함', '취미로 즐기고싶으면 쓰레기체취나 해라', '저건 해루질이 아니고 스킨수쿠버다  잠수해서 잡는게 무슨 해루질이냐\n해루질은 물빠진 바닷가에서 소라,고동,게,낙지 등을 잡는거다']"
45,"['환수해라.\n국민세금이 잘못 쓰인건 당연히 환수해야지...\n돈 없다면 땅으로라도 받아내라. \n파묘를 하더라도.', '꾸린내가 광양시를 덮었구나...\n얼른 정화해랏!!!!!!!!!!!', '놀랄것도 없다. 원래 저렇게 해쳐먹을라고 정치하는거자나. 이명박도 그랬고.. 해쳐먹을수도 있고 권력에 명예를주니 정치질하려는거다 봉사하고 희생하는 자리라면 누가 하겠냐?\n토착왜구당 보다 더불어 더듬당이 나아보이냐? 정치하는것들을 인간으로 볼거없다. 쓰레기로 보되 잘 감시해서 우리에게 유익한 방향으로 써먹으면된다.', '이런 돼먹지 못한것....', '다 해쳐. 먹네\n이것도 니편이지?', '이제ᆢ\n문재인정부와지자체에\n대해\n국민은\n절규를지나\n절망한다\n국가적\n재앙수준입니다', '대단하다\n\n공직자들 전수 조사해라\n\n물론\n\n국개의원 도의원 시의원 군의원도 함께', '헐~~~ 광양시민들은 대체 뭐하고있데...세금이 저런곳에 쓰이는데', '이런자 부끄러움도 모르는 데다 시민을 봉으로 생각하는 놈.', '뽑아준 죄값이네\n그러니 당보고 찍지말고 사람보고 찍어야제', '시민혈세가지고 지 주머니 쌈지돈처럼 썼네. 잘한다.', '포크레인 하고 .불도저   동원해서  파뒤져버려  .', '누가 뽑아줬노?', '문제있다면  시장 자리  내놓아야지', '나라가\n썩어도 \n너무 썩었구나.', '이런 쳐죽이놈! 당장조사해 구속해라', '진짜 가지가지한다 얼척이 읍네', '이래도 ㆍ또 뽑아주니 ㆍ\n\n또   목아지 빳빳하게 들고 다니 쥐ㆍ']"
46,"['아이들 괴롭힐거면 아동관련 직종에 취업하지 말기를', '이런 기사 그만 봤으면 좋겠다.....ㅜㅜ', '죽여버려 정신병자들', '옛날엔 원비를 부모들이 사비로 직접낼땐 안그랬는데 요즘은나라에서 지불하니 어린이집이나 유치원이 간이부었다', '똑같이 되돌려줘버릴까 보다.\n어떤식으로 해야 아이들한테\n그런짓을 안하려나..\n미쳐나가는구나 진짜', '아니 저런분은 제발 어린이집운영하지 마시길 ㅜㅜ 이거 뭐 할말이없다 하.. 본인이 애가 싫으면 걍 집구석에 들어있던지 왜 저런사람이 어린이집원장을 하지??', '제발 아이들 좀..', '원장아 니 자식 학대하지  왜  귀하디  귀한 남의   아가들 학대하냐!!!!!  카~~~악  퉜', '왠일입니까\n남의집 귀한자손을  그리하면\n어쩔~사형감이네\n자질없는이들을 어린이집 선생으로\n앉혀놓고..', '언제나 학대로 숨진아이 뉴스를 접하지 않게될까?   학대자들도 학대해서 죽여야 끝날까', '아... 너무소름끼친다...', '아 너무 속상해ㅜㅜ아이부모는 어쩌노 진짜ㅜㅜ', '살인자', '도데체 요즘  아가들이  왜이리  수난을\n당하나요?눈만뜨면 하루멀다하고\n아가들이  사망사고가  넘쳐나는데\n정말   가엾어서 볼수가없네', '진짜욕나온다.', '아기를 재우고싶어 죽을 정도로 고통을준거야ㅠ 얼마나 고통스러웠을까ㅠㅠ 마음이 너무 아파요 제발 약자인  아이들에게 그러지마세요 저항도 못 하는 아기들 때리면 때리는대로 그대로 그 고통 다 당해야하고 말도 못하고 그런 모습 보면 마음 안 아픈가요?', '아~~정말 왜들 그러니!!!']"
47,"['푸하하하...\n개발자 없으니깐, 별 쌩쑈를 다하는구나....ㅋㅋㅋ\n이 글 읽는 사람들 형 말 잘 들어....\n차라리 노가다 뛰어...\n개발자 같은거 하지말고...\n나중에 돈 못 받고, 맨날 날 밤 까서 몸 다 망가지고, 나중에는 갑한테 사장한테 멱살 잡히고...\n더러운 꼴이란 꼴 다 보는게 개발자다...\n절대로!!!!!!\n절대로!!!!!!\n개발자 같은건 하지마라...!!!!\n저렇게 좋으면, 왜 너희 선배들이 다 때려치워서 이 나라에 개발자가 없겠니..?\n소프트웨어 개발자 등록제... 이런거 검색 한번 해봐...', '한반에 50명중 3년후에 개발자로 남는인원 5명정도임\n개발자는 적성에 맞는사람아니면...\n빨리때려치고 스스로 잘하는 딴일알아보시길..', '전국 4년제 대학교 컴퓨터, 전자 전공자들이 얼마나 많은데..그 전공을 하고도 쓸만한 사람은 극히 일부분인데 뭔 문과생이나 타 전공학생들이 온라인 강의나 학원에서 몇달 듣고 개발자냐? 그런 사람들은 영어로치면 ABC만 간신히 배우고 코딩이나 개발자 별거 아니네 쉽네라고 하는것과 같다', '개발자 모두에게 해당되는 것은 아님..초급 개발자를 누가  비싼 비용 들여서 고용해???? 이런 선동 기사는 자제해야..', '코딩 절대 쉽지 않습니다.\n수학 기초 과학 필수 이며 , 생각보다 \n힘듭니다.\n\n저런 연봉 받을려면 소질과 노력 필요 합니다', '학원홍보기사~~~\nIT 개발자 쉬운 길은 아닌데,,', '맨날 야근할거 같은데', '개발자 = 일용직 잡부 \n\n새벽시장 자바 땔감 두명 타세요', '연봉 높은 개발자가 왜 높고, 그 과정이 어떻게 되는지는 말도 없는게, 마치 lh면, 공무원이면 다 투기해서 돈 벌고 성과급 뽑아갔다는것처럼 일반화 시키는거 같네요.', '1. 코딩관련 학원 및 온라인 강좌 회사가 돈번다.\n2. 급조된 인력이 늘면서 S/W 품질이 낮아진다.\n3. 그래도 인력적으로는 여유가 늘어나면서 노임단가가 내려간다.\n\n이게 처음이 아니죠?', '코딩 해본 사람은 알지\n그 능력이 개나소나 얻을수\n있는 능력이 아니란걸', '예전부터 비전공 6개월 학원 출신 프로그래머 보면, 너무 응용쪽만 배우고 와서, 깊이가 있는 문제는 해결을 잘 못함.', '기자가 현실을 전혀 모르네. 연봉 올려주는 회사는 전체 회사의 10%도 안됩니다. 엔씨급이나 네이버 카카오 삼성 수준 아니면 답 없어요. 대부분 동결이고 5년차 월급 250만원선입니다. 그마저도 회사 부도율이 넘 높아서 눈치봅니다.', '그렇게 돈이 잘벌리면 이 기사를 쓴 이름모를 기자부터 그만두고 개발자로 전향해봐라ㅋㅋ', '코더와 개발자는 차이가 있다.', '개발이 그렇게 쉬운거였으면 연봉이 그리 높지도 않았지\n진짜 쉬운건데 저만큼 벌지? 이기사 쓸 당사자도 기사 안쓰고 사표내고 바로 일하러감 ㄹㅇㅋㅋ', '전공자도 실력 안 돼서 취업 못하는데ㅋㅋㅋㅋㅋ', '선동적인 기사제목에 결론은 IT학원 홍보네요\n문과생 두번죽이는 기사']"
48,"['유족이 살인범의 사죄를 받아 드려 ?   꽃같은 나이 억울하게 족은 고인이 억울해서 하늘고 제대로 가겠나', '사형 안시키니 범죄가 끊이질 않네', '무슨 이유인지 모르지만 유족이 합의 해줬다고 징역이 30년에서 25년으로 대폭 줄어든게 어이없다', '그래도. 군법이니까 25. 30년이지\n아마 저 군인이 일반인 이였다면\n10년도 안때릴걸\n그리고 유족이 선처를 해줬다고?\n지 딸을 잔혹하게 죽였는데?\n죽은딸만불쌍하다', '잔혹하게 살해했는데 형량을 줄여주는건 뭐지?', '이걸 합의했다고????', '딸을잃고. 뭔합의를해. 사형이나. 무기징역. 때려야지~~', '이세상 누가   피해자의 합의를  대신할 수 있는가???????????\n\n합의  자체가  있을수 없는  말이다\n\n합의라고  표현하는 것  자체가  잘못된거 아닌가\n\n판결도  합의라는 표현을  안썻음  하는 바램이다', '헤어지자고 한다해서 사람죽이는 사례가 왜이렇게 많냐 ㅡㅡ\n내가여자여도 남자만나기 점점 싫어지겠다.\n어쩌다 만난게 저런 모지리면 어떻게 하나', '살인은\n사형으로\nᆢ', 'ㅋㅋㅋㅋㅋㅋㅋㅋㅋㅋ 계획 살해해도 25년 ㅋㅋㅋㅋㅋㅋㅋㅋㅋㅋ뭔 나라가 이모양 이꼴이냐', '사형수 사형안시키는 나라면 형량을 높혀라\n살인은 모두 감형없는무기징역으로', '뭔 놈의 나라가 2심으로만 넘어가면 거의 감형이고ㅋㅋㅋㅋ']"
49,"['이런건 기가막히게 조용해지던데 ㅋ', '이 기사 다음 홈 메인에 올려라....선거날 전일까지....', '청년연설 좋아하네ㅋㅋ 일베 교육생이ㅋ', '거짓말이건 뭐건 뭘 해도 용서가 되는 국짐당법....', '이럴줄 알앆다 하여튼 사기 국짐것들', '일반인인척 오졌고 ㅋㅋ\n그럼 그렇지\n제정신.박힌 20대가 저길 올라가겠네\n예비 국짐당 후보니까 올라가지 ㅋㅋ', '이 기사도 빛의 속도로 내려가려나?', '야, 알바냐고 물어보니 발끈했다며? 알고보니 알바보다 더한 놈이었네? 뭐 그 출신이라는거 뭐라할 건 아닌데 니들이 이런 주제에 민주당 청년연사한테 뭐라고 지껄였냐? 에라이~', '국짐당은 역시 조작질뿐,,,,\n순수하게 보이는게 없으니,,,', 'ㅋㅋㅋㅋㅋㅋㅋㅋㅋㅋㅋㅋㅋㅋㅋㅋ\n일베  하나 돈주고 매수했구만', '박영선 캠프 청년 손가락질 해대더니\n국짐당은 연출당인가\n20대 청년표 다 끌어올듯이 말하지만\n이것 또한 연출이었다?\n정치가 쇼인가 사기인가', '이젠 뭐 놀랍지도 않구만..\n제정신 가진 사람이면\n자발적으로 짐짝당 지지하기가 쉽진 않지..ㅋㅋㅋ\n조작과 사기의 일상화', '마.. 궁민의짐은 뭔 짓을 해도 다 이해가 된다.. 똥개가 똥을 먹는 것이 뭐가 이상하노..']"
50,"['중앙은 역시나 🐕 죠. ^^', '80여 년\n왜구잡종\n강점용\n안보, 지역, 이념, 의혹팔이와\n사이비와 토왜 주장과 소원대로라면\n\n1억 번\n경제 폭망했고\n전쟁 낫고\n빨갱이 나라 됐고\n온 국민이 역병 걸려 죽어야 했다\n쓰레기들.....', '어떡하든지 현정권을 까내리고,불안감을 조성할려고 하는 중앙이 싫다.  그럴 시간 있으면  독도검정교과서 승인 통과시킨 일본 까는 기사나 내라  이 망할놈의  요미우리 서울지사 신문아~~', '중국 텐센트 돈 천억 받아 쳐먹고\n설중화 같은  북한남파 간첩이 한국 민주주의 해줬다는\n북조선의 형제 중국표 드라마나 만드는 jtbc의 본산 빨갱이 중앙일보\n\n돈 천억에 넘어가 중국몽의 실현에 앞장서서 \n한국 민주주의 훼손하고 중국 공산당 찬양하는 드라마나 만드는 중앙일보\n\n중앙일보 사주의 아버지는 이승만때 4.19 의거로 부정선거 항의하는\n어린 항생들의 가슴에 총을 쏘라고 발포 명령했던 바로 그 인간\n\n토착왜구 짓으로 돈 벌더니\n이젠 중국 공산당 편들어 동북공정에 협조하는\n짐승만도 못한 매국노들이 모인 중앙일보는 반드시 몰아내자', '중앙일보는 언론을 병들게하는 바이러스다', '6월초에 백신 쏟아진다\n노바백스 한댤에 천만개 만들고\n결국 스케줄대로 간다', '망해라 망해라 고사를 지내는 구만. 불쌍하다!!!', '중앙 기레기야............... 인도가 인국가 몇억이냐??.......... 지금 세계 3위 감염국이다!\n\n그나라에서 생산된 백신이.... 국경을 넘어서 나올수 있다고 생각하니???..... 정말 중앙일보엔 멍청이들만 있나보네??']"
51,"['미국,호주사람은 전멸했겠네????', '국민학교 때 울 엄마는 나 죽으라고 비엔나 소세지 볶아서 케찹 뿌려서 도시락 싸준건가', '식당하는소상공인입니다 반찬으로햄반찬줄줄이햄볶을때는 뜨거운물에 살짝담가놨다가헹궈서봌아요그럼괞찮아요  근데삶아낸물을보면 정말손님들주기싫어요', '미국이랑 독일 사람은 다 죽은겨??', '먹어란 말인냐 \n먹지 말란 거냐.\n\n특히 아이들이\n좋아하는건데.\n\n그리 심각하다면\n판매하면 안되지\n\n기레기들 기사보다\n식품회사를 믿는다...', '작작해라', '독일을비롯해 유럽각국은 어째??다죽었게??똥기자야~~!!!!', '이 정도로 몸에 해로우면 제조/판매/유통금지 시켜야지...', '가공육을 좀 건강한 재료로 만들면 안되나...', '그럼 만들지를 마', '독일 사람들도 오래 살던데말야...뭐냐...']"
52,"['탄압으로 여론몰이를 하는거 보니 급하기는 했나보다.', '자택은 도쿄.. 신랑은 미국인...애들도 미국인... 지지 호소 세력은  조선족....\n\n이 아주머니  뭐지....', '언제는 실거주 목적이라더니......임대했다며?   그리고 구로 주민인척하더니 연희동주민이시고......다음에 서울 시장떨어지면 서대문서 나와라 구로와서 깝죽대지말고....', '박영선 남편 이 mb대문에 일본 간다구 해면 \n기레기내놈들 이 제대로 기사 쓰겠냐 ??', '탄압때문이었으면 정치시작하셨을때라도 일본집 팔지 그러쎴어요', '데일리안이 진짜 언론답다  우짜든지 사실확인해야지  오세훈 박형준은  확인할필요없구 네거티브로 돌리면되는거구  맞지?', '데일리안 = 국민의힘 ㅋㅋㅋ', '입만 열면 구라네\n진짜 토착왜구네\n\n이러면서 감성팔이에  선전선동이니\n이래서 좌파들이 문제야', '애쓴다', '기레기... 진짜 문제다... 국민이 사실을 다 아는데... 쉴드 그만쳐라.. \n언론개혁되면 없어질 찌라지다...', '남탓은 이 정당의 정훈인가\n그냥 무조건 전정권탓', '박영선이는 선거법 위반으로 고발되어야 하는거 아니야?\n한국에서 일을 못해서 일본으로 간게 아니라\n한국에서 일할수 있는 해외로펌에 들어가려고 동경지사를 선택했고\n임대료 지원되는데도 불구하고 동경에 집사고\n활동은 한국에서 하면서 일본집 유지해서 일본에 세금 잘 냈다는 거잖아\n이게 친일파고 토착왜구지 \n일본을 극도로 싫어하면 비행기 시간 조금 더 걸려고 홍콩을 택했을건데\n굳이 일본 동경을 택한 이유가 뭘까?\n회사에서 주는 임대료로 살면될걸 일본이 싫다면서\n굳이 일본에 집을 사서 일본 정부에 꼬박꼬박 세금을 낸 이유가 뭘까?\n답은 위선자', '박영선의 남편인 이원조는 대한민국에서 활동하는 미국 변호사로, 2019년 청문회를 앞두고 43억 원의 재산을 신고했다. 종합소득세 2천400여만원을 인사청문요청안 제출 하루 전인 2019년 3월 12일 납부해 논란이 됐다.\n얍삽한 대한 미국 니뽕인.', '추미애 도움연설하면 오세훈 더 좋아질낀데...', '기르에기 양반..\n전직 대통령도 죽음으로 모는 정권이었는데..이명박때문에 옮겼다고 말하면 저 사람이 잘 살 수 있었을까?\n좀 생각을 하고 기사를 씁시다!!', '탄압?ㅋㅋㅋ\n요즘세상에  탄압이 가능하고\n탄압받고 가만있을 넘들이냐,,ㅋㅋ', '토착왜구를 딴데서 찾지말라.  더불당 박후보와 그의 남편이 바로 악질 토착왜구다', '좌파들의 거짓말', '박영선은 도쿄아파트 이야기만 나오면 이먕박정부때 남편이 탄압받아서 \n일본으로 갔다고 했는데 그때부터 참으로 어이없는 거짓말이라고 느꼈었다']"
53,"['인간이 아니구나.', '인간이 제일 잔인하다', '미국이란 나라 있어 그나마 다행입니다.', '어휴... 저 어린것들이 무슨 잘못이라고 저렇게 집어던지냐.. ㅠㅠ 줄로 매달아서 내려주기라도 하지...', '대한민국도 안전지대가 무너지기 전에 국민들이 생각을 넓혀야 합니다\n\n내 자녀는 아니겠지 내 남편은 아니겠지 내 아내는 아니겠지 하는 생각을 다시 한번 점검해서 다음세대 에게 건강한 나라를 물려 줍시다', '전세계인간들은 돈에 눈이 멀어서 살아가고있다\n욕심이 많은 인간', '이걸보고투표를잘해야한다..정신바짝.나라가무너지는건한순간', '투표를 잘 해야 이런 일을 막을 수 있습니다.   돈 있고 명예있는 자들보다 정직한 사람들이 필요합니다.', '브로커들은 완전 인간 쓰레기들이구만', '인간은 간사하고 나약하고 이기적인 동물..\n삶은 고통..태어나지 않는게 가장 큰 행복..', '불법 ㅋㅋ 오지 말라고 ㅋ', '아 정말 잔인하다.왜 세상은 이래야 하는는지', '아무것도 모르는 저 어린것들을 저렇게 높은곳에서 ㅠㅠ 눈물나네 진짜 돈만생각하는 버러지들은 다 사라졌으면', '인간의 탈을 쓴 악마들이 넘 많다ㅡ.', '지구 곳곳에서 \n\n인종차별을 비롯 ,\n\n""인간성말살 시대"" 가 \n\n시작되고 있다 \n\nㅠ\nㅠ\nㅠ']"
54,"['저 부모는 얼마나 하늘이 노랗게 보였을까~ 참 다행이네~', '저도 아기때 사탕먹다 걸려서 숨넘어가는걸 옆집아주머니가 뒤집어서 등두드리니 사탕튀어나오고 살았다더라구요 여튼 저분의 기지로 아이가 살수있었네요ㅠㅠ', '어떤 직업이든 위기상황에 대처할수 있는 메뉴얼과 비상상황을 염두해 두고 훈련과 교육을 충분히 시킬 필요가 있음', '몸이 작은 애들은 저렇게 땅을 보게 하고들어서 등을 두드리면 됩니다', '심폐소생술이나 이런 응급처치법은\n학교에서부터 가르쳐야한다고 봄\n아이가 무사해서 다행입니다~', '아 씨 기레기들아, 제목에 나라 이름 좀 쓰라고.\n그게 그렇게 어려워?\n뭐 기레기 니들이게는 세계는 하나 뭐 그런 거냐?\n글쓰기 기본, 육하원칙도 안 배웠냐?\n이 근본 없고 무식한 것들아.', '저 직원분 배운 분.', '진짜  생명의 은인이네', '하인리히법을  배워야  합니다  ㅠㅠ', '큰 복받을겁니다.', '세상에 얼마나 놀라셨을까요. 고기처럼 부드러운건 진짜 안나오더라구요.  울 둘때도 족발 먹다 목에 걸렸는데 하임리히를 아무리해도 안나와서 정말 죽는 줄 알았어요.  한참후에 나오긴했지만 생각보다 진짜 오랜시간 안나오더라구요.  그래도 나왔으니 얼마나 다행인가요.', '식당직원한테는 고맙다는 말도 안하냐?', '종업원한테충분한보상해야할듯!', '이게 뭐라고 감동스럽냐 엉엉', '아가 천천히  꼭꼭 씹어 먹어라  큰일날뻔 했잖니', '오새훈이 광고좀 안보이게 해주라 쫌!!!']"
55,"['검찰이\n봐주기 수사로 국고.손실 입힌것이 헐신 많다\n법조 기레기들 빨아주다고 이빨 남아 있나', '베리 나이스.', '경찰이 압수한걸ㅋㅋㅋㅋ언론은 검찰이 수사해서압수한건지 알겠네', '음란영상이면 피해자가 있을텐데 피해자에게 줘야하는거 아냐?', '검찰자산운용... 검찰투자자문회사 차려라 ㅋㅋ 검찰펀드 .. 수익률 최고네', '네이버  다음  망할것 같아요 ㅠ', '이런 기사가 바로 메인에 뜨는 알고리즘 원리가\n대체 뭘까????', '‼️몹쓸인간 ~~ 빽바지생태오세후니 ~!!', '골고루 웃기고있네ㅋㅋㅋ', '분할매도로 수익율까지 챙겼으면 국민연금보다 훨씬 잘 운용한듯.....\n차라리 그분이 국민연금 운용하면 안될까????']"
56,"['카스공장 헐고 아파트짓자', '세금이 올랐으니\n다 오르겄지~~~~~', '응원합니다 지금 같은 시국에 가격을 인상하는 물품은 전품목 자영 업자들이 뭉쳐서 구매 판매 를 중지 해야합니다. 우리 민족은 어려울때 더 똘똘 뭉치는 민족이지 어려울때 득을 취하던 민족이 아닙니다.\n자영업자들이여 똘똘 뭉칩시다.', '본인들이 더 많이 올리면서ㅋㅋ', '100원올리면 술집에서는 1000원 올리는데,,,,', '말도안되는 여론조사에 속은 대기업ㅋㅋ', '소주는 건들지말자', '카스보다는 테라가....맛과 상쾌함이 좋아...', '대기업만 먹고사는 세상~~']"
57,"['각보대로 했는가보다.고등학생까지 끌어들이고..자알들 한다..', '민주당이것들은 선거법위반 \n밥먹드시해대는구나', '왜 메인인데 댓글이 없누~ 민주당 댓글팀들 회의하나?', '선거법 위반으로 끝아닌가?ㅋㅋ', '명백한 선거법위반이다. 위반을 밥먹듯이 하는 민주당. 이건은 강력한 선거법위반 처벌을 하여야한다', '이것들은 툭하면 불법이야\n더듬당에서 위법당으로 바꿔라\n아무리급해도 그렇치 미성년자를. . \n니네는 완전 끝이야\n대한민국에서추방', '정말 했구나. 나는 문빠입니다 라고 입이 닳도록 떠들어 대다가,이제는 유니폼에서 문빠도 빼고 민주당이라는 당명도 빼고, 미성년자를 선거에 동원하고 갈수록 악수만 두는 너희들의 정체성은 무엇이라니?', '참으로  기가 막히네요.  아무리 시궁창같은 정치바닥이지만 아직 가치관이 정립되지않은 고등학생을 이용해 선동정치를 하다니..... 당신네들은 거짓 선전, 선동이 주특기지만 이건 아니지 싶네요... 역시 많은 국민들이 왜 그대들을 버렸는지 알겠네요.', '재난지원금, 지하철 요금 할인 가지고도 안되니 미성년자 그것도 고교 2학년을 꼬드겨 선거 연설원으로 ....발악을 하는구나 ? 성폭력당 민주당 ! 이번 선거는 왜 하는 거냐?', '댁들이 하는건 실수이고 남들이 하는건 적폐이지요.', '미성년자가 선거운동을 하다니...\n법대로 처리해야 마땅하다.', '영선이가 최악이다', '서툴다 서툴어~~', '일본 아줌마는 도쿄 시장 선거 나가지 왜 서울 시장으로 나오지?', '발악을 하는구나...\n정말 추하다!!', '어찌고2학년을선거유세??', '집권당이 법을 우습게 여기는것은 어제 오늘  일이 아니지만 이런당이 재집권을 외친다니 국민들을 언제까지 우롱 할건가 기가차다', '애기들한테도 벌써부터\n좌익 물들이하는겨\n대단한  더블어 만져 터진당이구먼\n몹쓸 인간들~']"
58,"['신상공개해라제발좀 ...걍말하는것도질린다', '저런인간은옛날형벌처럼능지처참이답이다!!어찌어린애기를~~나쁜사람', '전국민이 저원장눕혀놓고 한번씩 밟을수있는 기회를 줘라', '대한민국 판사가  얘들죽이는거다\n니들이 엄하게 처벌만해도 저런일은 생기지않는다\n강력한엄벌해밧자 사람죽여도 꼴랑 5년처벌하는\n거지같은 판사들아\n니들이 죽이는거야', '저런것도 인간이라고ㆍㆍㆍ\n갈기갈기 ㅉ ㅈ 버리고 싶다', '저 인간 가슴에 코끼리 다리를 올려줘라~~~!!', '미쳤다 진짜\n왜들 그러는 거야 대체\n어린이집에서 죽은 애가 벌써 몇이야\n엄벌에 처해주세요', '어이구가슴무너진다\n여린아이재우려고\n발로눌렀구나\n진상조사철저히하여\n엄하게다스리세요', '손목아지 발목아지 다잘라버리고싶다 ㅠ 자식잃은 부모심정은 얼마나 화나고 슬프고 억울할까 ..,진짜 이런건법이제발강화되서 사형에처해주세요 어린아기들은 죄가없어요 ..에휴  아기들이계속 죽으니 자식가진부모로써 참 가슴이아파요....', '아이들은 죽어나가는데 판사들은 처벌이 가볍고\n저들은 또 범죄를지르겟지\n얼마나더 희생해야되는가', '이런인간이원장이야얼굴공개하고\n어린이집문닫아라', '남의 귀한집 자식을 ㅠ', '아가들 가지고 저런사람들 뇌를 한번 파보고싶다\n무슨생각을 가지고있는지', '아기들은 정말 멀쩡해보여도 정말 조심해야해요.순두부처럼 약하고 여리여리한 몸이라서 ... 행동하나하나에 신경써줘야해요. 교사 자격증 박탈해라!']"
59,"['세계최악의  언론사 대한민국  ...', '백신 가지고 정치화하지 맙시다. 저분들 누구보다 고생하시는거 다 아시잖아요.', '내가 그 이유를 말해 줄게.\n국짐당과 조중동은 계속 Az맞으면 죽을 수 있다는 식으로 허위사실을 퍼뜨렸고, 극우  태극기부대 유튜버들은 유튜브방송으로 1만명 가까이 태극노인들 모아놓고 Az백신 맞지 말아야 한다고 의기투합하고 있었지.\n\n국짐당을 지지하는 태극기부대 대부분은 대구 경북이야. 우리가 선거에서 국짐당 찍는건 전광훈 찍는거나 다름없는거지.\n\n난 차라리 더 잘됐다고 생각해. 어차피 경상도만 선택적으로 화이자 놔주진 않아.  그렇게 접종거부 그냥하시고 국짐장 시장 만나 광화문집회들 열심히 하길 바래. \n\n정부는 Az만 놔라!', '이런 쓰레기신문. 중아밀보 다니는 것들은 백신 놔주지마라. 다  코로나걸려 뒤져야 한다~', '왜 이렇게 방역에 태클을 걸지?\n도대체 적폐세력은 인간인가, 버러지인가?', '조중동은 역시 쓰레기 언론 인증', '찌라시 애쓴다\n문통이  왜 먼저 맞냐고 무슨 특혜라도 누리는양  어거지를 쓰더니 이제는 늦게 맞았다고 난리.\n억지를 부려도 분수가 있어라', '국짐들아!\n넘지 말아야 할 선이 있다..\n시작부터 끝까지 네가티브로 망하길 바라는 니들이 네가티브 어쩌고 할 일이냐? ㅉㅉ', '대통령, 질병본부장이 먼저 맞았으면  새치기했다는 멍멍소리했을 기레기?가 무슨 소리고??? 지금 확산세가 정부가 잘못해서 그런기가????? 직장내 감염 그럴수있다고 치자. 유흥주점 에서 감염된 건 우째 설명할래?? 까는건 좋다만  무조건 까지는 마라. 퉷', '접종율 역주행..... 별 희한한 단어와 분석이 다 있네. 79 —⟩ 76 역주행... 그럼 65프로 쯤으로 떨어지면 방역실패? 반대로 다음 주에 80프로 나오면 정주행으로 대성공이라고 할 건가?  바보인 듯', '제발...다음아..샤벽부처 조즁동 보게하지 마라!!!\n네이버보다 더 하네...\n네아버로 이사가야겠규먼...', '고사를 지내라 고사를\n나라 망하라고 난리를 치네\n나라 망하면 너네는 괞찮냐?', '이게 신문 인가?', '지긋지긋하게 물고 늘어지네', '국짐당과 조중동의 불안감 조성이\n보수 태극기 꼰대들의 감성을\n자극해서 바보로 만들어 놨지..', '이분 건들지마라!!¡!!!!!']"
60,"['제목봐라 역시 종양일보 \n너희들의 농간은 언제 끝이날까?\n백신을 우리나라에서 생산한다는 기사는 어디갔나?', '아직 시작도 안되었는데 불안조성하는  중앙 어떻게 국민에게 희망을 주고 대안을 미리생각하는  언론은 힘든거냐?  언론이 비판은 하겟지만 우파정권일때는 명박 근혜의 폐단은 해외에서 시민단체에서 먼저제시해도 대변하고 호도해서 좋아졌는냐... 좋은 언론은 못대도 나쁜언론은 국민에겐 적보다 더 무서운 폐단을 이룬다...', '엊그제만 해도 백신 후유증으로 시민들 불안하게 만들더만 이제  백신 못온다니까 또 수급못한다고 \n기사냐? 정말 지긋지긋한 적폐 기레기들. 끔찍하다.', '백신접종률 가장 높은 이스라엘 오늘 확진자 500명 나왔던데\n인구 800만이다. \n우리 천만도시 서울에서 150명 나왔다고 난리나는 나라다. \n백신 안오는게 무슨 최악이라는거냐\n오히려 백신 맞고 까불고 다니다가 확진자 더 늘어날까 그걸 걱정해야 할정도로 \n우리는 백신없이 잘 관리되고 있는 나라다', '이제는 넌덜머리가 난다.\n대한민국의 악의 축 조중동 당장 폐간시켜라.', '백신 가지고 또 시작이냐 기레기야~\nAZ백신생산 국내에서 생산하는걸 모르고 똥볼 차는거냐 ㅋㅋ\n기레기야~능력없으면 딴일 알아봐 ㅋㅋ\n언론 국민들한테 극협 만들쥐 말고 ㅋㅋ']"
61,"[""'다음' 은  정치검사 윤장군을 우상화하는 작업에 협조해선  않된다ㆍ 지속적으로 조중동  등 찌라시 언론들의  김정은 우상화하듯이 윤장군을 우상화하는 기사를 지속적으로 포스팅해선 않된다ㆍ다음은 역사를 왜곡하는 작업을 중단하라ㆍ"", '윤짜장 노출할라고 윤짜장 친구 죽은것도 기사화거리냐?\n이걸 왜 국민이 알아야하는데~~\n기레기놈아~~', '와 진짜 할짓없네\n윤석열 친구를 알아야되나', '윤석렬친구는 죽으면 다 윤석렬친구로 기사쓸거냐?\n참 기레기들 어지간이해라..똥구녕헐겠다', '오세훈 내곡동 거짓말이나 기사좀 써봐요.\n윤석열 친구가 죽은걸 우리가 왜 알아야하지?\n이런것들이 기자인가? 이런게 기사인가?\n와~  진심으로 역겹다!', '언론 개혁이 심각하네.', '웃음 뿐이다.\n윤석열 친구는 특별한 사람이냐?\n멀리가도 너무 멀리간다.', '이게  기사인가?\n윤석열이  죽은것도  아닌데\n그냥  김 모씨  사망이지\n윤석열  이름을  그렇게  기사에  올리고 싶으면  윤석렬장모    윤석렬 아내     이런거  기사에  써라요', '장모가 죽은거도아니고\n개똥이나 김아모개가 죽은게 기사거리냐?', '다음이 이상해 졌어요', '기자야 기자야 윤  친구도 기사  거리냐?\n아무리 띄워주고 싶어도 넘 과한 아부다\n자존심도 없는  쓰레기들은 되지 맙시다', '일단 사망사고는 안타깝지만 우리가   그분이 윤석렬씨 친구인걸 알아야하나? \n기자님 자극적인 기사로 주목받고 싶은건 알겠지만  윤석렬씨가 뭐 그리 대단하다고 그분 친구 사망기사  관심 없습니다.']"
62,"['삼전가즈아~9층 구해주세요ㅋㅋ', '그 방화가 혹시 본토중국 프락치에 의한 것이 아닌지 살펴볼일이다.', '삼성전자 반사 이익이네 ㅋ', '이쯤 되면 누가 일부러 불내는거 같다..\nㅎ 말도안되는 우연이 계속 겹치네', '만우절인가..', '무슨 반도체 회사가 저리 허접하냐.', '난리났네 난리났어...\n\n반도체 없다고 난리인데 더 심각해졌네...\n\n삼전 주가 팍팍 오르겠구나', '이거 왠지 일본 세작들이  배아파서 한것같은데 울나라 반도체 회사들 경비 강화해야겠내', '화재사진 좀 올리면서 글써라.', '가지가지한다 정말\n물 잘 나오고 정전없고 불 잘 안나는 나라 대한민국', '호재인가요?', '삼성전자 가즈아']"
63,"['자연보존이 잘 되있어 감사합니다', '좀 언론들 자제합시다', '진달래 꽃도 아름답지만 고지도와 역사 등 글이 아주 잘 썻다는 느낌....', '아~~~가보고 싶다!', '사람들  또   엄청몰려  가겠구만', '전기차타고  대견사까지 올라가면   등산안해도  꽃구경  할수있습니다', '꽃은  향기와  풍경이 있는\n또 하나의 마음속을\n울리는 감동 꽃은\n언제나 봐도 참 아름답습니다^^\n진달래꽃은 멋있는거 \n같습니다.^^', '기자분 마삼 무학산이 아니고예\n창원 천주산 입니다', '1,000m 고지 참꽃이라 제일 이쁘겠네요', '와우', '절터가 아담하면서 멋스럽네요. 코로나 끝나면 한번 가보고싶군요.', '참 멋진 곳이네요. 가보고 싶네유~~', '엄청난 진달래꽃이 만발했네요. 장관입니다 너무 아름다워요.']"
64,"['낚시던 해루질이던 한해 잡을수 있는 1인당 마릿수 정하고 채취한거 신고해서 카운팅 하게 해야함.\n적당히 자기 먹을만큼만 잡지 무슨 장사할 수준으로 잡아대니 ㅉㅉ', '이제는 해루질 허가제를 하여 구역을 정하고\n스쿠버들이 활동할 수 있는 구역도 정해야 할 것임.', '바다에서 레저 한다는 동호회(바다 오염 주범 씨말기 잘함), 자전거 동호히(찻길 다 막음, 치고 가라는 마인드), 스포츠카 동호회(시끄럽게 도로 무법천지), 오토바이 동호회(똥폼 오지게 잡고 찻길 다 막음), 축구동호회(술판 벌이고 고기 파티, 쓰레기는 니들이 치워라), 등산 동호회(불륜과 쓰레기 천지 산림 훼손) 등 동호회 도움이 안된다.', '저건 해루질이 아니고 스킨수쿠버다  잠수해서 잡는게 무슨 해루질이냐\n해루질은 물빠진 바닷가에서 소라,고동,게,낙지 등을 잡는거다', '동호회가 뭐냐 작작 좀 하자.', 'ㅋㅋㅋ경찰이 못잡는거임\n불법도구들고 야간 해루질하다 경찰와서 나오라고하면\n도구 바다에 던지고 나오니까 불법아닌것처럼 보이지\n야간에 하기땜에 뭘로하는지 안보여\n그래서 차에서 내리고 해루질하러 들어가는것부터 찍어서 잡아넣어야됨', '댓글보니 잘 모르는 사람 많네\n정리해줄게\n1.허용된 도구를 사용하여 허용된 수산물을 잡는 것은 불법이 아님\n2.판매를 위해선 맨손어업 신고를 해야 함-이게 도내300여명\n3.야간에, 불법 도구를 쓰거나, 뿔소라, 해삼, 전복같은 채취금지 수산물을 잡아서 문제임\n4.스킨스쿠버는 스킨다이빙+스쿠버다이빙을 합친 말인데, 스킨 다이빙으로 잡는것은 불법이 아님. \n스쿠버 장비를 착용하고 잡는것은 불법. 수중해루질은 스킨다이빙의 일종임.', '해루질 할려고 다이버를 하나?\n어휴 천박하기 그지없네.', '지금 우리나라 바다는 다 어촌계꺼임.. 이거부터 바뀌어야 함...', '바다 국민들것인데 어촌보면 자기바다인줄 알고있음', '니들은 체험이지?\n해녀.해남은 직장이거든!', '다이버가 하는건 해루질이 아니다. \n다이버가 하는건 머구리가 하는것 처럼 생업을 위협하는거지 불법 채취로 본다.\n머리질은 얕은 바다에서 맨손으로 조개 줍고 하는것이지 저건 무조건 불법으로 처리해야 함', '희룡이는 대선준비하느라\n신경도 안써요 \n주민들 생업따위는 아웃오브안중', '그냥 다이빙만 해 왜 잡고 난리여?', '취미로 즐기고싶으면 쓰레기체취나 해라', '농민에겐 땅이 터전이고 어부에겐 바다가 터전이다.', '둑도?  들이 많지요 어민들 건드리지 맙시다']"
65,"['이런 돼먹지 못한것....', '이래도 ㆍ또 뽑아주니 ㆍ\n\n또   목아지 빳빳하게 들고 다니 쥐ㆍ', '다 해쳐. 먹네\n이것도 니편이지?', '꾸린내가 광양시를 덮었구나...\n얼른 정화해랏!!!!!!!!!!!', '포크레인 하고 .불도저   동원해서  파뒤져버려  .', '이제ᆢ\n문재인정부와지자체에\n대해\n국민은\n절규를지나\n절망한다\n국가적\n재앙수준입니다', '나라가\n썩어도 \n너무 썩었구나.', '누가 뽑아줬노?', '시민혈세가지고 지 주머니 쌈지돈처럼 썼네. 잘한다.', '놀랄것도 없다. 원래 저렇게 해쳐먹을라고 정치하는거자나. 이명박도 그랬고.. 해쳐먹을수도 있고 권력에 명예를주니 정치질하려는거다 봉사하고 희생하는 자리라면 누가 하겠냐?\n토착왜구당 보다 더불어 더듬당이 나아보이냐? 정치하는것들을 인간으로 볼거없다. 쓰레기로 보되 잘 감시해서 우리에게 유익한 방향으로 써먹으면된다.', '뽑아준 죄값이네\n그러니 당보고 찍지말고 사람보고 찍어야제', '이런자 부끄러움도 모르는 데다 시민을 봉으로 생각하는 놈.', '이런 쳐죽이놈! 당장조사해 구속해라', '대단하다\n\n공직자들 전수 조사해라\n\n물론\n\n국개의원 도의원 시의원 군의원도 함께', '문제있다면  시장 자리  내놓아야지', '진짜 가지가지한다 얼척이 읍네', '환수해라.\n국민세금이 잘못 쓰인건 당연히 환수해야지...\n돈 없다면 땅으로라도 받아내라. \n파묘를 하더라도.', '헐~~~ 광양시민들은 대체 뭐하고있데...세금이 저런곳에 쓰이는데']"
66,"['죽여버려 정신병자들', '왠일입니까\n남의집 귀한자손을  그리하면\n어쩔~사형감이네\n자질없는이들을 어린이집 선생으로\n앉혀놓고..', '언제나 학대로 숨진아이 뉴스를 접하지 않게될까?   학대자들도 학대해서 죽여야 끝날까', '진짜욕나온다.', '아~~정말 왜들 그러니!!!', '이런 기사 그만 봤으면 좋겠다.....ㅜㅜ', '살인자', '옛날엔 원비를 부모들이 사비로 직접낼땐 안그랬는데 요즘은나라에서 지불하니 어린이집이나 유치원이 간이부었다', '아기를 재우고싶어 죽을 정도로 고통을준거야ㅠ 얼마나 고통스러웠을까ㅠㅠ 마음이 너무 아파요 제발 약자인  아이들에게 그러지마세요 저항도 못 하는 아기들 때리면 때리는대로 그대로 그 고통 다 당해야하고 말도 못하고 그런 모습 보면 마음 안 아픈가요?', '도데체 요즘  아가들이  왜이리  수난을\n당하나요?눈만뜨면 하루멀다하고\n아가들이  사망사고가  넘쳐나는데\n정말   가엾어서 볼수가없네', '아니 저런분은 제발 어린이집운영하지 마시길 ㅜㅜ 이거 뭐 할말이없다 하.. 본인이 애가 싫으면 걍 집구석에 들어있던지 왜 저런사람이 어린이집원장을 하지??', '아 너무 속상해ㅜㅜ아이부모는 어쩌노 진짜ㅜㅜ', '똑같이 되돌려줘버릴까 보다.\n어떤식으로 해야 아이들한테\n그런짓을 안하려나..\n미쳐나가는구나 진짜', '원장아 니 자식 학대하지  왜  귀하디  귀한 남의   아가들 학대하냐!!!!!  카~~~악  퉜', '제발 아이들 좀..', '아이들 괴롭힐거면 아동관련 직종에 취업하지 말기를', '아... 너무소름끼친다...']"
67,"['그렇게 돈이 잘벌리면 이 기사를 쓴 이름모를 기자부터 그만두고 개발자로 전향해봐라ㅋㅋ', '코더와 개발자는 차이가 있다.', '학원홍보기사~~~\nIT 개발자 쉬운 길은 아닌데,,', '1. 코딩관련 학원 및 온라인 강좌 회사가 돈번다.\n2. 급조된 인력이 늘면서 S/W 품질이 낮아진다.\n3. 그래도 인력적으로는 여유가 늘어나면서 노임단가가 내려간다.\n\n이게 처음이 아니죠?', '맨날 야근할거 같은데', '코딩 절대 쉽지 않습니다.\n수학 기초 과학 필수 이며 , 생각보다 \n힘듭니다.\n\n저런 연봉 받을려면 소질과 노력 필요 합니다', '전국 4년제 대학교 컴퓨터, 전자 전공자들이 얼마나 많은데..그 전공을 하고도 쓸만한 사람은 극히 일부분인데 뭔 문과생이나 타 전공학생들이 온라인 강의나 학원에서 몇달 듣고 개발자냐? 그런 사람들은 영어로치면 ABC만 간신히 배우고 코딩이나 개발자 별거 아니네 쉽네라고 하는것과 같다', '한반에 50명중 3년후에 개발자로 남는인원 5명정도임\n개발자는 적성에 맞는사람아니면...\n빨리때려치고 스스로 잘하는 딴일알아보시길..', '선동적인 기사제목에 결론은 IT학원 홍보네요\n문과생 두번죽이는 기사', '연봉 높은 개발자가 왜 높고, 그 과정이 어떻게 되는지는 말도 없는게, 마치 lh면, 공무원이면 다 투기해서 돈 벌고 성과급 뽑아갔다는것처럼 일반화 시키는거 같네요.', '예전부터 비전공 6개월 학원 출신 프로그래머 보면, 너무 응용쪽만 배우고 와서, 깊이가 있는 문제는 해결을 잘 못함.', '코딩 해본 사람은 알지\n그 능력이 개나소나 얻을수\n있는 능력이 아니란걸', '전공자도 실력 안 돼서 취업 못하는데ㅋㅋㅋㅋㅋ', '푸하하하...\n개발자 없으니깐, 별 쌩쑈를 다하는구나....ㅋㅋㅋ\n이 글 읽는 사람들 형 말 잘 들어....\n차라리 노가다 뛰어...\n개발자 같은거 하지말고...\n나중에 돈 못 받고, 맨날 날 밤 까서 몸 다 망가지고, 나중에는 갑한테 사장한테 멱살 잡히고...\n더러운 꼴이란 꼴 다 보는게 개발자다...\n절대로!!!!!!\n절대로!!!!!!\n개발자 같은건 하지마라...!!!!\n저렇게 좋으면, 왜 너희 선배들이 다 때려치워서 이 나라에 개발자가 없겠니..?\n소프트웨어 개발자 등록제... 이런거 검색 한번 해봐...', '개발이 그렇게 쉬운거였으면 연봉이 그리 높지도 않았지\n진짜 쉬운건데 저만큼 벌지? 이기사 쓸 당사자도 기사 안쓰고 사표내고 바로 일하러감 ㄹㅇㅋㅋ', '개발자 모두에게 해당되는 것은 아님..초급 개발자를 누가  비싼 비용 들여서 고용해???? 이런 선동 기사는 자제해야..', '기자가 현실을 전혀 모르네. 연봉 올려주는 회사는 전체 회사의 10%도 안됩니다. 엔씨급이나 네이버 카카오 삼성 수준 아니면 답 없어요. 대부분 동결이고 5년차 월급 250만원선입니다. 그마저도 회사 부도율이 넘 높아서 눈치봅니다.', '개발자 = 일용직 잡부 \n\n새벽시장 자바 땔감 두명 타세요']"
68,"['무슨 이유인지 모르지만 유족이 합의 해줬다고 징역이 30년에서 25년으로 대폭 줄어든게 어이없다', '그래도. 군법이니까 25. 30년이지\n아마 저 군인이 일반인 이였다면\n10년도 안때릴걸\n그리고 유족이 선처를 해줬다고?\n지 딸을 잔혹하게 죽였는데?\n죽은딸만불쌍하다', '잔혹하게 살해했는데 형량을 줄여주는건 뭐지?', '유족이 살인범의 사죄를 받아 드려 ?   꽃같은 나이 억울하게 족은 고인이 억울해서 하늘고 제대로 가겠나', '사형 안시키니 범죄가 끊이질 않네', '살인은\n사형으로\nᆢ', '사형수 사형안시키는 나라면 형량을 높혀라\n살인은 모두 감형없는무기징역으로', '뭔 놈의 나라가 2심으로만 넘어가면 거의 감형이고ㅋㅋㅋㅋ', '헤어지자고 한다해서 사람죽이는 사례가 왜이렇게 많냐 ㅡㅡ\n내가여자여도 남자만나기 점점 싫어지겠다.\n어쩌다 만난게 저런 모지리면 어떻게 하나', '이걸 합의했다고????', '이세상 누가   피해자의 합의를  대신할 수 있는가???????????\n\n합의  자체가  있을수 없는  말이다\n\n합의라고  표현하는 것  자체가  잘못된거 아닌가\n\n판결도  합의라는 표현을  안썻음  하는 바램이다', '딸을잃고. 뭔합의를해. 사형이나. 무기징역. 때려야지~~', 'ㅋㅋㅋㅋㅋㅋㅋㅋㅋㅋ 계획 살해해도 25년 ㅋㅋㅋㅋㅋㅋㅋㅋㅋㅋ뭔 나라가 이모양 이꼴이냐']"
69,"['ㅋㅋㅋㅋㅋㅋㅋㅋㅋㅋㅋㅋㅋㅋㅋㅋ\n일베  하나 돈주고 매수했구만', '이런건 기가막히게 조용해지던데 ㅋ', '이 기사도 빛의 속도로 내려가려나?', '마.. 궁민의짐은 뭔 짓을 해도 다 이해가 된다.. 똥개가 똥을 먹는 것이 뭐가 이상하노..', '국짐당은 역시 조작질뿐,,,,\n순수하게 보이는게 없으니,,,', '청년연설 좋아하네ㅋㅋ 일베 교육생이ㅋ', '이럴줄 알앆다 하여튼 사기 국짐것들', '야, 알바냐고 물어보니 발끈했다며? 알고보니 알바보다 더한 놈이었네? 뭐 그 출신이라는거 뭐라할 건 아닌데 니들이 이런 주제에 민주당 청년연사한테 뭐라고 지껄였냐? 에라이~', '일반인인척 오졌고 ㅋㅋ\n그럼 그렇지\n제정신.박힌 20대가 저길 올라가겠네\n예비 국짐당 후보니까 올라가지 ㅋㅋ', '거짓말이건 뭐건 뭘 해도 용서가 되는 국짐당법....', '박영선 캠프 청년 손가락질 해대더니\n국짐당은 연출당인가\n20대 청년표 다 끌어올듯이 말하지만\n이것 또한 연출이었다?\n정치가 쇼인가 사기인가', '이젠 뭐 놀랍지도 않구만..\n제정신 가진 사람이면\n자발적으로 짐짝당 지지하기가 쉽진 않지..ㅋㅋㅋ\n조작과 사기의 일상화', '이 기사 다음 홈 메인에 올려라....선거날 전일까지....']"
70,"['중앙은 역시나 🐕 죠. ^^', '중앙 기레기야............... 인도가 인국가 몇억이냐??.......... 지금 세계 3위 감염국이다!\n\n그나라에서 생산된 백신이.... 국경을 넘어서 나올수 있다고 생각하니???..... 정말 중앙일보엔 멍청이들만 있나보네??', '중국 텐센트 돈 천억 받아 쳐먹고\n설중화 같은  북한남파 간첩이 한국 민주주의 해줬다는\n북조선의 형제 중국표 드라마나 만드는 jtbc의 본산 빨갱이 중앙일보\n\n돈 천억에 넘어가 중국몽의 실현에 앞장서서 \n한국 민주주의 훼손하고 중국 공산당 찬양하는 드라마나 만드는 중앙일보\n\n중앙일보 사주의 아버지는 이승만때 4.19 의거로 부정선거 항의하는\n어린 항생들의 가슴에 총을 쏘라고 발포 명령했던 바로 그 인간\n\n토착왜구 짓으로 돈 벌더니\n이젠 중국 공산당 편들어 동북공정에 협조하는\n짐승만도 못한 매국노들이 모인 중앙일보는 반드시 몰아내자', '중앙일보는 언론을 병들게하는 바이러스다', '어떡하든지 현정권을 까내리고,불안감을 조성할려고 하는 중앙이 싫다.  그럴 시간 있으면  독도검정교과서 승인 통과시킨 일본 까는 기사나 내라  이 망할놈의  요미우리 서울지사 신문아~~', '80여 년\n왜구잡종\n강점용\n안보, 지역, 이념, 의혹팔이와\n사이비와 토왜 주장과 소원대로라면\n\n1억 번\n경제 폭망했고\n전쟁 낫고\n빨갱이 나라 됐고\n온 국민이 역병 걸려 죽어야 했다\n쓰레기들.....', '망해라 망해라 고사를 지내는 구만. 불쌍하다!!!', '6월초에 백신 쏟아진다\n노바백스 한댤에 천만개 만들고\n결국 스케줄대로 간다']"
71,"['먹어란 말인냐 \n먹지 말란 거냐.\n\n특히 아이들이\n좋아하는건데.\n\n그리 심각하다면\n판매하면 안되지\n\n기레기들 기사보다\n식품회사를 믿는다...', '미국,호주사람은 전멸했겠네????', '이 정도로 몸에 해로우면 제조/판매/유통금지 시켜야지...', '독일 사람들도 오래 살던데말야...뭐냐...', '독일을비롯해 유럽각국은 어째??다죽었게??똥기자야~~!!!!', '그럼 만들지를 마', '작작해라', '식당하는소상공인입니다 반찬으로햄반찬줄줄이햄볶을때는 뜨거운물에 살짝담가놨다가헹궈서봌아요그럼괞찮아요  근데삶아낸물을보면 정말손님들주기싫어요', '국민학교 때 울 엄마는 나 죽으라고 비엔나 소세지 볶아서 케찹 뿌려서 도시락 싸준건가', '미국이랑 독일 사람은 다 죽은겨??', '가공육을 좀 건강한 재료로 만들면 안되나...']"
72,"['탄압으로 여론몰이를 하는거 보니 급하기는 했나보다.', '데일리안 = 국민의힘 ㅋㅋㅋ', '박영선은 도쿄아파트 이야기만 나오면 이먕박정부때 남편이 탄압받아서 \n일본으로 갔다고 했는데 그때부터 참으로 어이없는 거짓말이라고 느꼈었다', '남탓은 이 정당의 정훈인가\n그냥 무조건 전정권탓', '박영선의 남편인 이원조는 대한민국에서 활동하는 미국 변호사로, 2019년 청문회를 앞두고 43억 원의 재산을 신고했다. 종합소득세 2천400여만원을 인사청문요청안 제출 하루 전인 2019년 3월 12일 납부해 논란이 됐다.\n얍삽한 대한 미국 니뽕인.', '탄압때문이었으면 정치시작하셨을때라도 일본집 팔지 그러쎴어요', '언제는 실거주 목적이라더니......임대했다며?   그리고 구로 주민인척하더니 연희동주민이시고......다음에 서울 시장떨어지면 서대문서 나와라 구로와서 깝죽대지말고....', '토착왜구를 딴데서 찾지말라.  더불당 박후보와 그의 남편이 바로 악질 토착왜구다', '좌파들의 거짓말', '입만 열면 구라네\n진짜 토착왜구네\n\n이러면서 감성팔이에  선전선동이니\n이래서 좌파들이 문제야', '박영선이는 선거법 위반으로 고발되어야 하는거 아니야?\n한국에서 일을 못해서 일본으로 간게 아니라\n한국에서 일할수 있는 해외로펌에 들어가려고 동경지사를 선택했고\n임대료 지원되는데도 불구하고 동경에 집사고\n활동은 한국에서 하면서 일본집 유지해서 일본에 세금 잘 냈다는 거잖아\n이게 친일파고 토착왜구지 \n일본을 극도로 싫어하면 비행기 시간 조금 더 걸려고 홍콩을 택했을건데\n굳이 일본 동경을 택한 이유가 뭘까?\n회사에서 주는 임대료로 살면될걸 일본이 싫다면서\n굳이 일본에 집을 사서 일본 정부에 꼬박꼬박 세금을 낸 이유가 뭘까?\n답은 위선자', '탄압?ㅋㅋㅋ\n요즘세상에  탄압이 가능하고\n탄압받고 가만있을 넘들이냐,,ㅋㅋ', '추미애 도움연설하면 오세훈 더 좋아질낀데...', '데일리안이 진짜 언론답다  우짜든지 사실확인해야지  오세훈 박형준은  확인할필요없구 네거티브로 돌리면되는거구  맞지?', '기레기... 진짜 문제다... 국민이 사실을 다 아는데... 쉴드 그만쳐라.. \n언론개혁되면 없어질 찌라지다...', '박영선 남편 이 mb대문에 일본 간다구 해면 \n기레기내놈들 이 제대로 기사 쓰겠냐 ??', '애쓴다', '기르에기 양반..\n전직 대통령도 죽음으로 모는 정권이었는데..이명박때문에 옮겼다고 말하면 저 사람이 잘 살 수 있었을까?\n좀 생각을 하고 기사를 씁시다!!', '자택은 도쿄.. 신랑은 미국인...애들도 미국인... 지지 호소 세력은  조선족....\n\n이 아주머니  뭐지....']"
73,"['지구 곳곳에서 \n\n인종차별을 비롯 ,\n\n""인간성말살 시대"" 가 \n\n시작되고 있다 \n\nㅠ\nㅠ\nㅠ', '투표를 잘 해야 이런 일을 막을 수 있습니다.   돈 있고 명예있는 자들보다 정직한 사람들이 필요합니다.', '인간은 간사하고 나약하고 이기적인 동물..\n삶은 고통..태어나지 않는게 가장 큰 행복..', '미국이란 나라 있어 그나마 다행입니다.', '브로커들은 완전 인간 쓰레기들이구만', '인간이 아니구나.', '전세계인간들은 돈에 눈이 멀어서 살아가고있다\n욕심이 많은 인간', '어휴... 저 어린것들이 무슨 잘못이라고 저렇게 집어던지냐.. ㅠㅠ 줄로 매달아서 내려주기라도 하지...', '인간이 제일 잔인하다', '인간의 탈을 쓴 악마들이 넘 많다ㅡ.', '불법 ㅋㅋ 오지 말라고 ㅋ', '아 정말 잔인하다.왜 세상은 이래야 하는는지', '이걸보고투표를잘해야한다..정신바짝.나라가무너지는건한순간', '아무것도 모르는 저 어린것들을 저렇게 높은곳에서 ㅠㅠ 눈물나네 진짜 돈만생각하는 버러지들은 다 사라졌으면', '대한민국도 안전지대가 무너지기 전에 국민들이 생각을 넓혀야 합니다\n\n내 자녀는 아니겠지 내 남편은 아니겠지 내 아내는 아니겠지 하는 생각을 다시 한번 점검해서 다음세대 에게 건강한 나라를 물려 줍시다']"
74,"['세상에 얼마나 놀라셨을까요. 고기처럼 부드러운건 진짜 안나오더라구요.  울 둘때도 족발 먹다 목에 걸렸는데 하임리히를 아무리해도 안나와서 정말 죽는 줄 알았어요.  한참후에 나오긴했지만 생각보다 진짜 오랜시간 안나오더라구요.  그래도 나왔으니 얼마나 다행인가요.', '이게 뭐라고 감동스럽냐 엉엉', '저 직원분 배운 분.', '아 씨 기레기들아, 제목에 나라 이름 좀 쓰라고.\n그게 그렇게 어려워?\n뭐 기레기 니들이게는 세계는 하나 뭐 그런 거냐?\n글쓰기 기본, 육하원칙도 안 배웠냐?\n이 근본 없고 무식한 것들아.', '하인리히법을  배워야  합니다  ㅠㅠ', '식당직원한테는 고맙다는 말도 안하냐?', '심폐소생술이나 이런 응급처치법은\n학교에서부터 가르쳐야한다고 봄\n아이가 무사해서 다행입니다~', '저도 아기때 사탕먹다 걸려서 숨넘어가는걸 옆집아주머니가 뒤집어서 등두드리니 사탕튀어나오고 살았다더라구요 여튼 저분의 기지로 아이가 살수있었네요ㅠㅠ', '진짜  생명의 은인이네', '큰 복받을겁니다.', '어떤 직업이든 위기상황에 대처할수 있는 메뉴얼과 비상상황을 염두해 두고 훈련과 교육을 충분히 시킬 필요가 있음', '종업원한테충분한보상해야할듯!', '몸이 작은 애들은 저렇게 땅을 보게 하고들어서 등을 두드리면 됩니다', '오새훈이 광고좀 안보이게 해주라 쫌!!!', '아가 천천히  꼭꼭 씹어 먹어라  큰일날뻔 했잖니', '저 부모는 얼마나 하늘이 노랗게 보였을까~ 참 다행이네~']"
75,"['경찰이 압수한걸ㅋㅋㅋㅋ언론은 검찰이 수사해서압수한건지 알겠네', '골고루 웃기고있네ㅋㅋㅋ', '‼️몹쓸인간 ~~ 빽바지생태오세후니 ~!!', '분할매도로 수익율까지 챙겼으면 국민연금보다 훨씬 잘 운용한듯.....\n차라리 그분이 국민연금 운용하면 안될까????', '검찰이\n봐주기 수사로 국고.손실 입힌것이 헐신 많다\n법조 기레기들 빨아주다고 이빨 남아 있나', '네이버  다음  망할것 같아요 ㅠ', '베리 나이스.', '음란영상이면 피해자가 있을텐데 피해자에게 줘야하는거 아냐?', '검찰자산운용... 검찰투자자문회사 차려라 ㅋㅋ 검찰펀드 .. 수익률 최고네', '이런 기사가 바로 메인에 뜨는 알고리즘 원리가\n대체 뭘까????']"
